0 verbose cli D:\nodejs\node.exe D:\nodejs\node_global\node_modules\npm\bin\npm-cli.js
1 info using npm@11.4.1
2 info using node@v22.14.0
3 silly config load:file:D:\nodejs\node_global\node_modules\npm\npmrc
4 silly config load:file:E:\WorkRelated\Model inference performance stress test\temp\.npmrc
5 silly config load:file:C:\Users\fanchenyao\.npmrc
6 silly config load:file:D:\nodejs\node_global\etc\npmrc
7 verbose title npm install
8 verbose argv "install" "--cache" ".npm-cache"
9 verbose logfile logs-max:10 dir:E:\WorkRelated\Model inference performance stress test\temp\.npm-cache\_logs\2025-12-26T08_47_07_734Z-
10 verbose logfile E:\WorkRelated\Model inference performance stress test\temp\.npm-cache\_logs\2025-12-26T08_47_07_734Z-debug-0.log
11 silly logfile done cleaning log files
12 silly packumentCache heap:4345298944 maxSize:1086324736 maxEntrySize:543162368
13 silly idealTree buildDeps
14 silly fetch manifest @jest/globals@^29.7.0
15 silly packumentCache full:https://registry.npmmirror.com/@jest%2fglobals cache-miss
16 http fetch GET 200 https://registry.npmmirror.com/@jest%2fglobals 72ms (cache miss)
17 silly packumentCache full:https://registry.npmmirror.com/@jest%2fglobals set size:71195 disposed:false
18 silly fetch manifest fast-check@^3.15.0
19 silly packumentCache full:https://registry.npmmirror.com/fast-check cache-miss
20 http fetch GET 200 https://registry.npmmirror.com/fast-check 30ms (cache miss)
21 silly packumentCache full:https://registry.npmmirror.com/fast-check set size:114943 disposed:false
22 silly fetch manifest jest@^29.7.0
23 silly packumentCache full:https://registry.npmmirror.com/jest cache-miss
24 http fetch GET 200 https://registry.npmmirror.com/npm 171ms
25 http fetch GET 200 https://registry.npmmirror.com/jest 41ms (cache miss)
26 silly packumentCache full:https://registry.npmmirror.com/jest set size:133376 disposed:false
27 silly fetch manifest node-notifier@^8.0.1 || ^9.0.0 || ^10.0.0
28 silly packumentCache full:https://registry.npmmirror.com/node-notifier cache-miss
29 http fetch GET 200 https://registry.npmmirror.com/node-notifier 52ms (cache miss)
30 silly packumentCache full:https://registry.npmmirror.com/node-notifier set size:28301 disposed:false
31 silly placeDep ROOT @jest/globals@29.7.0 OK for: christmas-theme-page@1.0.0 want: ^29.7.0
32 silly placeDep ROOT fast-check@3.23.2 OK for: christmas-theme-page@1.0.0 want: ^3.15.0
33 silly placeDep ROOT jest@29.7.0 OK for: christmas-theme-page@1.0.0 want: ^29.7.0
34 silly fetch manifest @jest/environment@^29.7.0
35 silly packumentCache full:https://registry.npmmirror.com/@jest%2fenvironment cache-miss
36 silly fetch manifest @jest/expect@^29.7.0
37 silly packumentCache full:https://registry.npmmirror.com/@jest%2fexpect cache-miss
38 silly fetch manifest @jest/types@^29.6.3
39 silly packumentCache full:https://registry.npmmirror.com/@jest%2ftypes cache-miss
40 silly fetch manifest jest-mock@^29.7.0
41 silly packumentCache full:https://registry.npmmirror.com/jest-mock cache-miss
42 silly fetch manifest pure-rand@^6.1.0
43 silly packumentCache full:https://registry.npmmirror.com/pure-rand cache-miss
44 silly fetch manifest @jest/core@^29.7.0
45 silly packumentCache full:https://registry.npmmirror.com/@jest%2fcore cache-miss
46 silly fetch manifest @jest/types@^29.6.3
47 silly packumentCache full:https://registry.npmmirror.com/@jest%2ftypes cache-miss
48 silly fetch manifest import-local@^3.0.2
49 silly packumentCache full:https://registry.npmmirror.com/import-local cache-miss
50 silly fetch manifest jest-cli@^29.7.0
51 silly packumentCache full:https://registry.npmmirror.com/jest-cli cache-miss
52 http fetch GET 200 https://registry.npmmirror.com/@jest%2fenvironment 50ms (cache miss)
53 silly packumentCache full:https://registry.npmmirror.com/@jest%2fenvironment set size:72580 disposed:false
54 http fetch GET 200 https://registry.npmmirror.com/@jest%2fexpect 53ms (cache miss)
55 silly packumentCache full:https://registry.npmmirror.com/@jest%2fexpect set size:50285 disposed:false
56 http fetch GET 200 https://registry.npmmirror.com/import-local 80ms (cache miss)
57 silly packumentCache full:https://registry.npmmirror.com/import-local set size:5043 disposed:false
58 http fetch GET 200 https://registry.npmmirror.com/pure-rand 80ms (cache miss)
59 silly packumentCache full:https://registry.npmmirror.com/pure-rand set size:27997 disposed:false
60 http fetch GET 200 https://registry.npmmirror.com/@jest%2ftypes 95ms (cache miss)
61 silly packumentCache full:https://registry.npmmirror.com/@jest%2ftypes set size:58545 disposed:false
62 http fetch GET 200 https://registry.npmmirror.com/@jest%2ftypes 100ms (cache miss)
63 silly packumentCache full:https://registry.npmmirror.com/@jest%2ftypes set size:58545 disposed:false
64 silly packumentCache full:https://registry.npmmirror.com/@jest%2ftypes dispose
65 http fetch GET 200 https://registry.npmmirror.com/jest-mock 102ms (cache miss)
66 silly packumentCache full:https://registry.npmmirror.com/jest-mock set size:94926 disposed:false
67 http fetch GET 200 https://registry.npmmirror.com/@jest%2fcore 140ms (cache miss)
68 silly packumentCache full:https://registry.npmmirror.com/@jest%2fcore set size:102718 disposed:false
69 http fetch GET 200 https://registry.npmmirror.com/jest-cli 144ms (cache miss)
70 silly packumentCache full:https://registry.npmmirror.com/jest-cli set size:163891 disposed:false
71 silly placeDep ROOT @jest/environment@29.7.0 OK for: @jest/globals@29.7.0 want: ^29.7.0
72 silly placeDep ROOT @jest/expect@29.7.0 OK for: @jest/globals@29.7.0 want: ^29.7.0
73 silly placeDep ROOT @jest/types@29.6.3 OK for: @jest/globals@29.7.0 want: ^29.6.3
74 silly placeDep ROOT jest-mock@29.7.0 OK for: @jest/globals@29.7.0 want: ^29.7.0
75 silly fetch manifest @jest/fake-timers@^29.7.0
76 silly packumentCache full:https://registry.npmmirror.com/@jest%2ffake-timers cache-miss
77 silly fetch manifest @types/node@*
78 silly packumentCache full:https://registry.npmmirror.com/@types%2fnode cache-miss
79 silly fetch manifest expect@^29.7.0
80 silly packumentCache full:https://registry.npmmirror.com/expect cache-miss
81 silly fetch manifest jest-snapshot@^29.7.0
82 silly packumentCache full:https://registry.npmmirror.com/jest-snapshot cache-miss
83 silly fetch manifest @jest/schemas@^29.6.3
84 silly packumentCache full:https://registry.npmmirror.com/@jest%2fschemas cache-miss
85 silly fetch manifest @types/istanbul-lib-coverage@^2.0.0
86 silly packumentCache full:https://registry.npmmirror.com/@types%2fistanbul-lib-coverage cache-miss
87 silly fetch manifest @types/istanbul-reports@^3.0.0
88 silly packumentCache full:https://registry.npmmirror.com/@types%2fistanbul-reports cache-miss
89 silly fetch manifest @types/node@*
90 silly packumentCache full:https://registry.npmmirror.com/@types%2fnode cache-miss
91 silly fetch manifest @types/yargs@^17.0.8
92 silly packumentCache full:https://registry.npmmirror.com/@types%2fyargs cache-miss
93 silly fetch manifest chalk@^4.0.0
94 silly packumentCache full:https://registry.npmmirror.com/chalk cache-miss
95 silly fetch manifest @types/node@*
96 silly packumentCache full:https://registry.npmmirror.com/@types%2fnode cache-miss
97 silly fetch manifest jest-util@^29.7.0
98 silly packumentCache full:https://registry.npmmirror.com/jest-util cache-miss
99 http fetch GET 200 https://registry.npmmirror.com/@jest%2fschemas 45ms (cache miss)
100 silly packumentCache full:https://registry.npmmirror.com/@jest%2fschemas set size:19560 disposed:false
101 http fetch GET 200 https://registry.npmmirror.com/@jest%2ffake-timers 61ms (cache miss)
102 silly packumentCache full:https://registry.npmmirror.com/@jest%2ffake-timers set size:71544 disposed:false
103 http fetch GET 200 https://registry.npmmirror.com/@types%2fistanbul-reports 64ms (cache miss)
104 silly packumentCache full:https://registry.npmmirror.com/@types%2fistanbul-reports set size:4444 disposed:false
105 http fetch GET 200 https://registry.npmmirror.com/@types%2fistanbul-lib-coverage 64ms (cache miss)
106 silly packumentCache full:https://registry.npmmirror.com/@types%2fistanbul-lib-coverage set size:4235 disposed:false
107 http fetch GET 200 https://registry.npmmirror.com/@types%2fyargs 65ms (cache miss)
108 silly packumentCache full:https://registry.npmmirror.com/@types%2fyargs set size:61891 disposed:false
109 http fetch GET 200 https://registry.npmmirror.com/jest-snapshot 105ms (cache miss)
110 silly packumentCache full:https://registry.npmmirror.com/jest-snapshot set size:122345 disposed:false
111 http fetch GET 200 https://registry.npmmirror.com/chalk 133ms (cache miss)
112 silly packumentCache full:https://registry.npmmirror.com/chalk set size:24910 disposed:false
113 http fetch GET 200 https://registry.npmmirror.com/expect 150ms (cache miss)
114 silly packumentCache full:https://registry.npmmirror.com/expect set size:105974 disposed:false
115 http fetch GET 200 https://registry.npmmirror.com/@types%2fnode 161ms (cache miss)
116 silly packumentCache full:https://registry.npmmirror.com/@types%2fnode set size:1119399 disposed:false
117 http fetch GET 200 https://registry.npmmirror.com/jest-util 218ms (cache miss)
118 silly packumentCache full:https://registry.npmmirror.com/jest-util set size:99925 disposed:false
119 http fetch GET 200 https://registry.npmmirror.com/@types%2fnode 259ms (cache miss)
120 silly packumentCache full:https://registry.npmmirror.com/@types%2fnode set size:1119399 disposed:false
121 http fetch GET 200 https://registry.npmmirror.com/@types%2fnode 359ms (cache miss)
122 silly packumentCache full:https://registry.npmmirror.com/@types%2fnode set size:1119399 disposed:false
123 silly placeDep ROOT @jest/fake-timers@29.7.0 OK for: @jest/environment@29.7.0 want: ^29.7.0
124 silly placeDep ROOT @types/node@25.0.3 OK for: @jest/environment@29.7.0 want: *
125 silly fetch manifest @sinonjs/fake-timers@^10.0.2
126 silly packumentCache full:https://registry.npmmirror.com/@sinonjs%2ffake-timers cache-miss
127 silly fetch manifest jest-message-util@^29.7.0
128 silly packumentCache full:https://registry.npmmirror.com/jest-message-util cache-miss
129 silly fetch manifest undici-types@~7.16.0
130 silly packumentCache full:https://registry.npmmirror.com/undici-types cache-miss
131 http fetch GET 200 https://registry.npmmirror.com/@sinonjs%2ffake-timers 64ms (cache miss)
132 silly packumentCache full:https://registry.npmmirror.com/@sinonjs%2ffake-timers set size:40595 disposed:false
133 http fetch GET 200 https://registry.npmmirror.com/jest-message-util 68ms (cache miss)
134 silly packumentCache full:https://registry.npmmirror.com/jest-message-util set size:85127 disposed:false
135 http fetch GET 200 https://registry.npmmirror.com/undici-types 71ms (cache miss)
136 silly packumentCache full:https://registry.npmmirror.com/undici-types set size:29159 disposed:false
137 silly placeDep ROOT expect@29.7.0 OK for: @jest/expect@29.7.0 want: ^29.7.0
138 silly placeDep ROOT jest-snapshot@29.7.0 OK for: @jest/expect@29.7.0 want: ^29.7.0
139 silly fetch manifest @jest/expect-utils@^29.7.0
140 silly packumentCache full:https://registry.npmmirror.com/@jest%2fexpect-utils cache-miss
141 silly fetch manifest jest-get-type@^29.6.3
142 silly packumentCache full:https://registry.npmmirror.com/jest-get-type cache-miss
143 silly fetch manifest jest-matcher-utils@^29.7.0
144 silly packumentCache full:https://registry.npmmirror.com/jest-matcher-utils cache-miss
145 silly fetch manifest @babel/core@^7.11.6
146 silly packumentCache full:https://registry.npmmirror.com/@babel%2fcore cache-miss
147 silly fetch manifest @babel/generator@^7.7.2
148 silly packumentCache full:https://registry.npmmirror.com/@babel%2fgenerator cache-miss
149 silly fetch manifest @babel/plugin-syntax-jsx@^7.7.2
150 silly packumentCache full:https://registry.npmmirror.com/@babel%2fplugin-syntax-jsx cache-miss
151 silly fetch manifest @babel/plugin-syntax-typescript@^7.7.2
152 silly packumentCache full:https://registry.npmmirror.com/@babel%2fplugin-syntax-typescript cache-miss
153 silly fetch manifest @babel/types@^7.3.3
154 silly packumentCache full:https://registry.npmmirror.com/@babel%2ftypes cache-miss
155 silly fetch manifest @jest/expect-utils@^29.7.0
156 silly packumentCache full:https://registry.npmmirror.com/@jest%2fexpect-utils cache-miss
157 silly fetch manifest @jest/transform@^29.7.0
158 silly packumentCache full:https://registry.npmmirror.com/@jest%2ftransform cache-miss
159 silly fetch manifest babel-preset-current-node-syntax@^1.0.0
160 silly packumentCache full:https://registry.npmmirror.com/babel-preset-current-node-syntax cache-miss
161 silly fetch manifest graceful-fs@^4.2.9
162 silly packumentCache full:https://registry.npmmirror.com/graceful-fs cache-miss
163 silly fetch manifest jest-diff@^29.7.0
164 silly packumentCache full:https://registry.npmmirror.com/jest-diff cache-miss
165 silly fetch manifest jest-get-type@^29.6.3
166 silly packumentCache full:https://registry.npmmirror.com/jest-get-type cache-miss
167 silly fetch manifest jest-matcher-utils@^29.7.0
168 silly packumentCache full:https://registry.npmmirror.com/jest-matcher-utils cache-miss
169 http fetch GET 200 https://registry.npmmirror.com/@babel%2ftypes 50ms (cache miss)
170 silly packumentCache full:https://registry.npmmirror.com/@babel%2ftypes set size:78636 disposed:false
171 silly fetch manifest natural-compare@^1.4.0
172 silly packumentCache full:https://registry.npmmirror.com/natural-compare cache-miss
173 http fetch GET 200 https://registry.npmmirror.com/babel-preset-current-node-syntax 65ms (cache miss)
174 silly packumentCache full:https://registry.npmmirror.com/babel-preset-current-node-syntax set size:4660 disposed:false
175 silly fetch manifest pretty-format@^29.7.0
176 silly packumentCache full:https://registry.npmmirror.com/pretty-format cache-miss
177 http fetch GET 200 https://registry.npmmirror.com/@jest%2fexpect-utils 72ms (cache miss)
178 silly packumentCache full:https://registry.npmmirror.com/@jest%2fexpect-utils set size:46117 disposed:false
179 silly fetch manifest semver@^7.5.3
180 silly packumentCache full:https://registry.npmmirror.com/semver cache-miss
181 http fetch GET 200 https://registry.npmmirror.com/@jest%2fexpect-utils 72ms (cache miss)
182 silly packumentCache full:https://registry.npmmirror.com/@jest%2fexpect-utils set size:46117 disposed:false
183 silly packumentCache full:https://registry.npmmirror.com/@jest%2fexpect-utils dispose
184 http fetch GET 200 https://registry.npmmirror.com/jest-get-type 77ms (cache miss)
185 silly packumentCache full:https://registry.npmmirror.com/jest-get-type set size:35584 disposed:false
186 http fetch GET 200 https://registry.npmmirror.com/@babel%2fplugin-syntax-typescript 80ms (cache miss)
187 silly packumentCache full:https://registry.npmmirror.com/@babel%2fplugin-syntax-typescript set size:35127 disposed:false
188 http fetch GET 200 https://registry.npmmirror.com/graceful-fs 81ms (cache miss)
189 silly packumentCache full:https://registry.npmmirror.com/graceful-fs set size:23015 disposed:false
190 http fetch GET 200 https://registry.npmmirror.com/jest-matcher-utils 83ms (cache miss)
191 silly packumentCache full:https://registry.npmmirror.com/jest-matcher-utils set size:96629 disposed:false
192 http fetch GET 200 https://registry.npmmirror.com/@babel%2fcore 89ms (cache miss)
193 silly packumentCache full:https://registry.npmmirror.com/@babel%2fcore set size:105210 disposed:false
194 http fetch GET 200 https://registry.npmmirror.com/@babel%2fplugin-syntax-jsx 95ms (cache miss)
195 silly packumentCache full:https://registry.npmmirror.com/@babel%2fplugin-syntax-jsx set size:32129 disposed:false
196 http fetch GET 200 https://registry.npmmirror.com/@jest%2ftransform 96ms (cache miss)
197 silly packumentCache full:https://registry.npmmirror.com/@jest%2ftransform set size:81120 disposed:false
198 http fetch GET 200 https://registry.npmmirror.com/natural-compare 45ms (cache miss)
199 silly packumentCache full:https://registry.npmmirror.com/natural-compare set size:3164 disposed:false
200 http fetch GET 200 https://registry.npmmirror.com/@babel%2fgenerator 103ms (cache miss)
201 silly packumentCache full:https://registry.npmmirror.com/@babel%2fgenerator set size:86270 disposed:false
202 http fetch GET 200 https://registry.npmmirror.com/semver 43ms (cache miss)
203 silly packumentCache full:https://registry.npmmirror.com/semver set size:44451 disposed:false
204 http fetch GET 200 https://registry.npmmirror.com/jest-matcher-utils 117ms (cache miss)
205 silly packumentCache full:https://registry.npmmirror.com/jest-matcher-utils set size:96629 disposed:false
206 silly packumentCache full:https://registry.npmmirror.com/jest-matcher-utils dispose
207 http fetch GET 200 https://registry.npmmirror.com/jest-diff 121ms (cache miss)
208 silly packumentCache full:https://registry.npmmirror.com/jest-diff set size:101291 disposed:false
209 http fetch GET 200 https://registry.npmmirror.com/pretty-format 60ms (cache miss)
210 silly packumentCache full:https://registry.npmmirror.com/pretty-format set size:100346 disposed:false
211 http fetch GET 200 https://registry.npmmirror.com/jest-get-type 131ms (cache miss)
212 silly packumentCache full:https://registry.npmmirror.com/jest-get-type set size:35584 disposed:false
213 silly packumentCache full:https://registry.npmmirror.com/jest-get-type dispose
214 silly placeDep ROOT @sinonjs/fake-timers@10.3.0 OK for: @jest/fake-timers@29.7.0 want: ^10.0.2
215 silly placeDep ROOT jest-message-util@29.7.0 OK for: @jest/fake-timers@29.7.0 want: ^29.7.0
216 silly placeDep ROOT jest-util@29.7.0 OK for: @jest/fake-timers@29.7.0 want: ^29.7.0
217 silly fetch manifest @sinonjs/commons@^3.0.0
218 silly packumentCache full:https://registry.npmmirror.com/@sinonjs%2fcommons cache-miss
219 silly fetch manifest @babel/code-frame@^7.12.13
220 silly packumentCache full:https://registry.npmmirror.com/@babel%2fcode-frame cache-miss
221 silly fetch manifest @types/stack-utils@^2.0.0
222 silly packumentCache full:https://registry.npmmirror.com/@types%2fstack-utils cache-miss
223 silly fetch manifest micromatch@^4.0.4
224 silly packumentCache full:https://registry.npmmirror.com/micromatch cache-miss
225 silly fetch manifest slash@^3.0.0
226 silly packumentCache full:https://registry.npmmirror.com/slash cache-miss
227 silly fetch manifest stack-utils@^2.0.3
228 silly packumentCache full:https://registry.npmmirror.com/stack-utils cache-miss
229 silly fetch manifest ci-info@^3.2.0
230 silly packumentCache full:https://registry.npmmirror.com/ci-info cache-miss
231 silly fetch manifest picomatch@^2.2.3
232 silly packumentCache full:https://registry.npmmirror.com/picomatch cache-miss
233 http fetch GET 200 https://registry.npmmirror.com/stack-utils 21ms (cache miss)
234 silly packumentCache full:https://registry.npmmirror.com/stack-utils set size:8959 disposed:false
235 http fetch GET 200 https://registry.npmmirror.com/picomatch 22ms (cache miss)
236 silly packumentCache full:https://registry.npmmirror.com/picomatch set size:22183 disposed:false
237 http fetch GET 200 https://registry.npmmirror.com/@types%2fstack-utils 30ms (cache miss)
238 silly packumentCache full:https://registry.npmmirror.com/@types%2fstack-utils set size:3572 disposed:false
239 http fetch GET 200 https://registry.npmmirror.com/slash 40ms (cache miss)
240 silly packumentCache full:https://registry.npmmirror.com/slash set size:5617 disposed:false
241 http fetch GET 200 https://registry.npmmirror.com/micromatch 42ms (cache miss)
242 silly packumentCache full:https://registry.npmmirror.com/micromatch set size:39386 disposed:false
243 http fetch GET 200 https://registry.npmmirror.com/@babel%2fcode-frame 45ms (cache miss)
244 silly packumentCache full:https://registry.npmmirror.com/@babel%2fcode-frame set size:32252 disposed:false
245 http fetch GET 200 https://registry.npmmirror.com/@sinonjs%2fcommons 50ms (cache miss)
246 silly packumentCache full:https://registry.npmmirror.com/@sinonjs%2fcommons set size:13768 disposed:false
247 http fetch GET 200 https://registry.npmmirror.com/ci-info 68ms (cache miss)
248 silly packumentCache full:https://registry.npmmirror.com/ci-info set size:22601 disposed:false
249 silly placeDep ROOT @jest/schemas@29.6.3 OK for: @jest/types@29.6.3 want: ^29.6.3
250 silly placeDep ROOT @types/istanbul-lib-coverage@2.0.6 OK for: @jest/types@29.6.3 want: ^2.0.0
251 silly placeDep ROOT @types/istanbul-reports@3.0.4 OK for: @jest/types@29.6.3 want: ^3.0.0
252 silly placeDep ROOT @types/yargs@17.0.35 OK for: @jest/types@29.6.3 want: ^17.0.8
253 silly placeDep ROOT chalk@4.1.2 OK for: @jest/types@29.6.3 want: ^4.0.0
254 silly fetch manifest @sinclair/typebox@^0.27.8
255 silly packumentCache full:https://registry.npmmirror.com/@sinclair%2ftypebox cache-miss
256 silly fetch manifest @types/istanbul-lib-report@*
257 silly packumentCache full:https://registry.npmmirror.com/@types%2fistanbul-lib-report cache-miss
258 silly fetch manifest @types/yargs-parser@*
259 silly packumentCache full:https://registry.npmmirror.com/@types%2fyargs-parser cache-miss
260 silly fetch manifest ansi-styles@^4.1.0
261 silly packumentCache full:https://registry.npmmirror.com/ansi-styles cache-miss
262 silly fetch manifest supports-color@^7.1.0
263 silly packumentCache full:https://registry.npmmirror.com/supports-color cache-miss
264 http fetch GET 200 https://registry.npmmirror.com/ansi-styles 23ms (cache miss)
265 silly packumentCache full:https://registry.npmmirror.com/ansi-styles set size:13769 disposed:false
266 http fetch GET 200 https://registry.npmmirror.com/supports-color 24ms (cache miss)
267 silly packumentCache full:https://registry.npmmirror.com/supports-color set size:23036 disposed:false
268 http fetch GET 200 https://registry.npmmirror.com/@types%2fyargs-parser 38ms (cache miss)
269 silly packumentCache full:https://registry.npmmirror.com/@types%2fyargs-parser set size:8809 disposed:false
270 http fetch GET 200 https://registry.npmmirror.com/@types%2fistanbul-lib-report 43ms (cache miss)
271 silly packumentCache full:https://registry.npmmirror.com/@types%2fistanbul-lib-report set size:3166 disposed:false
272 http fetch GET 200 https://registry.npmmirror.com/@sinclair%2ftypebox 62ms (cache miss)
273 silly packumentCache full:https://registry.npmmirror.com/@sinclair%2ftypebox set size:229112 disposed:false
274 silly placeDep ROOT @sinclair/typebox@0.27.8 OK for: @jest/schemas@29.6.3 want: ^0.27.8
275 silly placeDep ROOT @sinonjs/commons@3.0.1 OK for: @sinonjs/fake-timers@10.3.0 want: ^3.0.0
276 silly fetch manifest type-detect@4.0.8
277 silly packumentCache full:https://registry.npmmirror.com/type-detect cache-miss
278 http fetch GET 200 https://registry.npmmirror.com/type-detect 42ms (cache miss)
279 silly packumentCache full:https://registry.npmmirror.com/type-detect set size:11548 disposed:false
280 silly placeDep ROOT type-detect@4.0.8 OK for: @sinonjs/commons@3.0.1 want: 4.0.8
281 silly placeDep ROOT @types/istanbul-lib-report@3.0.3 OK for: @types/istanbul-reports@3.0.4 want: *
282 silly placeDep ROOT undici-types@7.16.0 OK for: @types/node@25.0.3 want: ~7.16.0
283 silly placeDep ROOT @types/yargs-parser@21.0.3 OK for: @types/yargs@17.0.35 want: *
284 silly placeDep ROOT ansi-styles@4.3.0 OK for: chalk@4.1.2 want: ^4.1.0
285 silly placeDep ROOT supports-color@7.2.0 OK for: chalk@4.1.2 want: ^7.1.0
286 silly fetch manifest color-convert@^2.0.1
287 silly packumentCache full:https://registry.npmmirror.com/color-convert cache-miss
288 silly fetch manifest has-flag@^4.0.0
289 silly packumentCache full:https://registry.npmmirror.com/has-flag cache-miss
290 http fetch GET 200 https://registry.npmmirror.com/has-flag 18ms (cache miss)
291 silly packumentCache full:https://registry.npmmirror.com/has-flag set size:3321 disposed:false
292 http fetch GET 200 https://registry.npmmirror.com/color-convert 21ms (cache miss)
293 silly packumentCache full:https://registry.npmmirror.com/color-convert set size:13807 disposed:false
294 silly placeDep ROOT color-convert@2.0.1 OK for: ansi-styles@4.3.0 want: ^2.0.1
295 silly fetch manifest color-name@~1.1.4
296 silly packumentCache full:https://registry.npmmirror.com/color-name cache-miss
297 http fetch GET 200 https://registry.npmmirror.com/color-name 31ms (cache miss)
298 silly packumentCache full:https://registry.npmmirror.com/color-name set size:5269 disposed:false
299 silly placeDep ROOT color-name@1.1.4 OK for: color-convert@2.0.1 want: ~1.1.4
300 silly placeDep ROOT @jest/expect-utils@29.7.0 OK for: expect@29.7.0 want: ^29.7.0
301 silly placeDep ROOT jest-get-type@29.6.3 OK for: expect@29.7.0 want: ^29.6.3
302 silly placeDep ROOT jest-matcher-utils@29.7.0 OK for: expect@29.7.0 want: ^29.7.0
303 silly placeDep ROOT pure-rand@6.1.0 OK for: fast-check@3.23.2 want: ^6.1.0
304 silly placeDep ROOT @jest/core@29.7.0 OK for: jest@29.7.0 want: ^29.7.0
305 silly placeDep ROOT import-local@3.2.0 OK for: jest@29.7.0 want: ^3.0.2
306 silly placeDep ROOT jest-cli@29.7.0 OK for: jest@29.7.0 want: ^29.7.0
307 silly fetch manifest @jest/console@^29.7.0
308 silly packumentCache full:https://registry.npmmirror.com/@jest%2fconsole cache-miss
309 silly fetch manifest @jest/reporters@^29.7.0
310 silly packumentCache full:https://registry.npmmirror.com/@jest%2freporters cache-miss
311 silly fetch manifest @jest/test-result@^29.7.0
312 silly packumentCache full:https://registry.npmmirror.com/@jest%2ftest-result cache-miss
313 silly fetch manifest ansi-escapes@^4.2.1
314 silly packumentCache full:https://registry.npmmirror.com/ansi-escapes cache-miss
315 silly fetch manifest exit@^0.1.2
316 silly packumentCache full:https://registry.npmmirror.com/exit cache-miss
317 silly fetch manifest jest-changed-files@^29.7.0
318 silly packumentCache full:https://registry.npmmirror.com/jest-changed-files cache-miss
319 silly fetch manifest jest-config@^29.7.0
320 silly packumentCache full:https://registry.npmmirror.com/jest-config cache-miss
321 silly fetch manifest jest-haste-map@^29.7.0
322 silly packumentCache full:https://registry.npmmirror.com/jest-haste-map cache-miss
323 silly fetch manifest jest-regex-util@^29.6.3
324 silly packumentCache full:https://registry.npmmirror.com/jest-regex-util cache-miss
325 silly fetch manifest jest-resolve@^29.7.0
326 silly packumentCache full:https://registry.npmmirror.com/jest-resolve cache-miss
327 silly fetch manifest jest-resolve-dependencies@^29.7.0
328 silly packumentCache full:https://registry.npmmirror.com/jest-resolve-dependencies cache-miss
329 silly fetch manifest jest-runner@^29.7.0
330 silly packumentCache full:https://registry.npmmirror.com/jest-runner cache-miss
331 silly fetch manifest jest-runtime@^29.7.0
332 silly packumentCache full:https://registry.npmmirror.com/jest-runtime cache-miss
333 silly fetch manifest jest-validate@^29.7.0
334 silly packumentCache full:https://registry.npmmirror.com/jest-validate cache-miss
335 silly fetch manifest jest-watcher@^29.7.0
336 silly packumentCache full:https://registry.npmmirror.com/jest-watcher cache-miss
337 http fetch GET 200 https://registry.npmmirror.com/ansi-escapes 25ms (cache miss)
338 silly packumentCache full:https://registry.npmmirror.com/ansi-escapes set size:14290 disposed:false
339 silly fetch manifest strip-ansi@^6.0.0
340 silly packumentCache full:https://registry.npmmirror.com/strip-ansi cache-miss
341 http fetch GET 200 https://registry.npmmirror.com/exit 38ms (cache miss)
342 silly packumentCache full:https://registry.npmmirror.com/exit set size:2422 disposed:false
343 silly fetch manifest pkg-dir@^4.2.0
344 silly packumentCache full:https://registry.npmmirror.com/pkg-dir cache-miss
345 http fetch GET 200 https://registry.npmmirror.com/jest-regex-util 57ms (cache miss)
346 silly packumentCache full:https://registry.npmmirror.com/jest-regex-util set size:40277 disposed:false
347 silly fetch manifest resolve-cwd@^3.0.0
348 silly packumentCache full:https://registry.npmmirror.com/resolve-cwd cache-miss
349 http fetch GET 200 https://registry.npmmirror.com/jest-changed-files 62ms (cache miss)
350 silly packumentCache full:https://registry.npmmirror.com/jest-changed-files set size:64403 disposed:false
351 silly fetch manifest @jest/test-result@^29.7.0
352 silly packumentCache full:https://registry.npmmirror.com/@jest%2ftest-result cache-miss
353 http fetch GET 200 https://registry.npmmirror.com/@jest%2fconsole 77ms (cache miss)
354 silly packumentCache full:https://registry.npmmirror.com/@jest%2fconsole set size:65809 disposed:false
355 silly fetch manifest create-jest@^29.7.0
356 silly packumentCache full:https://registry.npmmirror.com/create-jest cache-miss
357 http fetch GET 200 https://registry.npmmirror.com/jest-config 85ms (cache miss)
358 silly packumentCache full:https://registry.npmmirror.com/jest-config set size:135044 disposed:false
359 silly fetch manifest jest-validate@^29.7.0
360 silly packumentCache full:https://registry.npmmirror.com/jest-validate cache-miss
361 http fetch GET 200 https://registry.npmmirror.com/@jest%2ftest-result 97ms (cache miss)
362 silly packumentCache full:https://registry.npmmirror.com/@jest%2ftest-result set size:66348 disposed:false
363 silly fetch manifest yargs@^17.3.1
364 silly packumentCache full:https://registry.npmmirror.com/yargs cache-miss
365 http fetch GET 200 https://registry.npmmirror.com/strip-ansi 81ms (cache miss)
366 silly packumentCache full:https://registry.npmmirror.com/strip-ansi set size:7820 disposed:false
367 http fetch GET 200 https://registry.npmmirror.com/jest-haste-map 108ms (cache miss)
368 silly packumentCache full:https://registry.npmmirror.com/jest-haste-map set size:111191 disposed:false
369 http fetch GET 200 https://registry.npmmirror.com/jest-watcher 114ms (cache miss)
370 silly packumentCache full:https://registry.npmmirror.com/jest-watcher set size:73471 disposed:false
371 http fetch GET 200 https://registry.npmmirror.com/@jest%2freporters 123ms (cache miss)
372 silly packumentCache full:https://registry.npmmirror.com/@jest%2freporters set size:89636 disposed:false
373 http fetch GET 200 https://registry.npmmirror.com/pkg-dir 89ms (cache miss)
374 silly packumentCache full:https://registry.npmmirror.com/pkg-dir set size:6270 disposed:false
375 http fetch GET 200 https://registry.npmmirror.com/jest-resolve-dependencies 137ms (cache miss)
376 silly packumentCache full:https://registry.npmmirror.com/jest-resolve-dependencies set size:107242 disposed:false
377 http fetch GET 200 https://registry.npmmirror.com/resolve-cwd 82ms (cache miss)
378 silly packumentCache full:https://registry.npmmirror.com/resolve-cwd set size:2281 disposed:false
379 http fetch GET 200 https://registry.npmmirror.com/jest-resolve 144ms (cache miss)
380 silly packumentCache full:https://registry.npmmirror.com/jest-resolve set size:109762 disposed:false
381 http fetch GET 200 https://registry.npmmirror.com/@jest%2ftest-result 84ms (cache miss)
382 silly packumentCache full:https://registry.npmmirror.com/@jest%2ftest-result set size:66348 disposed:false
383 silly packumentCache full:https://registry.npmmirror.com/@jest%2ftest-result dispose
384 http fetch GET 200 https://registry.npmmirror.com/create-jest 74ms (cache miss)
385 silly packumentCache full:https://registry.npmmirror.com/create-jest set size:11632 disposed:false
386 http fetch GET 200 https://registry.npmmirror.com/jest-runner 153ms (cache miss)
387 silly packumentCache full:https://registry.npmmirror.com/jest-runner set size:117733 disposed:false
388 http fetch GET 200 https://registry.npmmirror.com/jest-validate 156ms (cache miss)
389 silly packumentCache full:https://registry.npmmirror.com/jest-validate set size:93879 disposed:false
390 http fetch GET 200 https://registry.npmmirror.com/jest-validate 71ms (cache miss)
391 silly packumentCache full:https://registry.npmmirror.com/jest-validate set size:93879 disposed:false
392 silly packumentCache full:https://registry.npmmirror.com/jest-validate dispose
393 http fetch GET 200 https://registry.npmmirror.com/jest-runtime 166ms (cache miss)
394 silly packumentCache full:https://registry.npmmirror.com/jest-runtime set size:138312 disposed:false
395 http fetch GET 200 https://registry.npmmirror.com/yargs 75ms (cache miss)
396 silly packumentCache full:https://registry.npmmirror.com/yargs set size:93779 disposed:false
397 silly fetch manifest ts-node@>=9.0.0
398 silly packumentCache full:https://registry.npmmirror.com/ts-node cache-miss
399 http fetch GET 200 https://registry.npmmirror.com/ts-node 32ms (cache miss)
400 silly packumentCache full:https://registry.npmmirror.com/ts-node set size:71828 disposed:false
401 silly fetch manifest @swc/core@>=1.2.50
402 silly packumentCache full:https://registry.npmmirror.com/@swc%2fcore cache-miss
403 http fetch GET 200 https://registry.npmmirror.com/@swc%2fcore 89ms (cache miss)
404 silly packumentCache full:https://registry.npmmirror.com/@swc%2fcore set size:525832 disposed:false
405 silly fetch manifest @swc/helpers@>=0.5.17
406 silly packumentCache full:https://registry.npmmirror.com/@swc%2fhelpers cache-miss
407 http fetch GET 200 https://registry.npmmirror.com/@swc%2fhelpers 57ms (cache miss)
408 silly packumentCache full:https://registry.npmmirror.com/@swc%2fhelpers set size:98917 disposed:false
409 silly fetch manifest @swc/wasm@>=1.2.50
410 silly packumentCache full:https://registry.npmmirror.com/@swc%2fwasm cache-miss
411 http fetch GET 200 https://registry.npmmirror.com/@swc%2fwasm 95ms (cache miss)
412 silly packumentCache full:https://registry.npmmirror.com/@swc%2fwasm set size:371655 disposed:false
413 silly fetch manifest typescript@>=2.7
414 silly packumentCache full:https://registry.npmmirror.com/typescript cache-miss
415 http fetch GET 200 https://registry.npmmirror.com/typescript 213ms (cache miss)
416 silly packumentCache full:https://registry.npmmirror.com/typescript set size:1643194 disposed:false
417 silly placeDep ROOT @jest/console@29.7.0 OK for: @jest/core@29.7.0 want: ^29.7.0
418 silly placeDep ROOT @jest/reporters@29.7.0 OK for: @jest/core@29.7.0 want: ^29.7.0
419 silly placeDep ROOT @jest/test-result@29.7.0 OK for: @jest/core@29.7.0 want: ^29.7.0
420 silly placeDep ROOT @jest/transform@29.7.0 OK for: @jest/core@29.7.0 want: ^29.7.0
421 silly placeDep ROOT ansi-escapes@4.3.2 OK for: @jest/core@29.7.0 want: ^4.2.1
422 silly placeDep ROOT ci-info@3.9.0 OK for: @jest/core@29.7.0 want: ^3.2.0
423 silly placeDep ROOT exit@0.1.2 OK for: @jest/core@29.7.0 want: ^0.1.2
424 silly placeDep ROOT graceful-fs@4.2.11 OK for: @jest/core@29.7.0 want: ^4.2.9
425 silly placeDep ROOT jest-changed-files@29.7.0 OK for: @jest/core@29.7.0 want: ^29.7.0
426 silly placeDep ROOT jest-config@29.7.0 OK for: @jest/core@29.7.0 want: ^29.7.0
427 silly placeDep ROOT jest-haste-map@29.7.0 OK for: @jest/core@29.7.0 want: ^29.7.0
428 silly placeDep ROOT jest-regex-util@29.6.3 OK for: @jest/core@29.7.0 want: ^29.6.3
429 silly placeDep ROOT jest-resolve@29.7.0 OK for: @jest/core@29.7.0 want: ^29.7.0
430 silly placeDep ROOT jest-resolve-dependencies@29.7.0 OK for: @jest/core@29.7.0 want: ^29.7.0
431 silly placeDep ROOT jest-runner@29.7.0 OK for: @jest/core@29.7.0 want: ^29.7.0
432 silly placeDep ROOT jest-runtime@29.7.0 OK for: @jest/core@29.7.0 want: ^29.7.0
433 silly placeDep ROOT jest-validate@29.7.0 OK for: @jest/core@29.7.0 want: ^29.7.0
434 silly placeDep ROOT jest-watcher@29.7.0 OK for: @jest/core@29.7.0 want: ^29.7.0
435 silly placeDep ROOT micromatch@4.0.8 OK for: @jest/core@29.7.0 want: ^4.0.4
436 silly placeDep ROOT pretty-format@29.7.0 OK for: @jest/core@29.7.0 want: ^29.7.0
437 silly placeDep ROOT slash@3.0.0 OK for: @jest/core@29.7.0 want: ^3.0.0
438 silly placeDep ROOT strip-ansi@6.0.1 OK for: @jest/core@29.7.0 want: ^6.0.0
439 silly fetch manifest @bcoe/v8-coverage@^0.2.3
440 silly packumentCache full:https://registry.npmmirror.com/@bcoe%2fv8-coverage cache-miss
441 silly fetch manifest @jridgewell/trace-mapping@^0.3.18
442 silly packumentCache full:https://registry.npmmirror.com/@jridgewell%2ftrace-mapping cache-miss
443 silly fetch manifest collect-v8-coverage@^1.0.0
444 silly packumentCache full:https://registry.npmmirror.com/collect-v8-coverage cache-miss
445 silly fetch manifest glob@^7.1.3
446 silly packumentCache full:https://registry.npmmirror.com/glob cache-miss
447 silly fetch manifest istanbul-lib-coverage@^3.0.0
448 silly packumentCache full:https://registry.npmmirror.com/istanbul-lib-coverage cache-miss
449 silly fetch manifest istanbul-lib-instrument@^6.0.0
450 silly packumentCache full:https://registry.npmmirror.com/istanbul-lib-instrument cache-miss
451 silly fetch manifest istanbul-lib-report@^3.0.0
452 silly packumentCache full:https://registry.npmmirror.com/istanbul-lib-report cache-miss
453 silly fetch manifest istanbul-lib-source-maps@^4.0.0
454 silly packumentCache full:https://registry.npmmirror.com/istanbul-lib-source-maps cache-miss
455 silly fetch manifest istanbul-reports@^3.1.3
456 silly packumentCache full:https://registry.npmmirror.com/istanbul-reports cache-miss
457 silly fetch manifest jest-worker@^29.7.0
458 silly packumentCache full:https://registry.npmmirror.com/jest-worker cache-miss
459 silly fetch manifest string-length@^4.0.1
460 silly packumentCache full:https://registry.npmmirror.com/string-length cache-miss
461 silly fetch manifest v8-to-istanbul@^9.0.1
462 silly packumentCache full:https://registry.npmmirror.com/v8-to-istanbul cache-miss
463 silly fetch manifest collect-v8-coverage@^1.0.0
464 silly packumentCache full:https://registry.npmmirror.com/collect-v8-coverage cache-miss
465 silly fetch manifest @jridgewell/trace-mapping@^0.3.18
466 silly packumentCache full:https://registry.npmmirror.com/@jridgewell%2ftrace-mapping cache-miss
467 silly fetch manifest babel-plugin-istanbul@^6.1.1
468 silly packumentCache full:https://registry.npmmirror.com/babel-plugin-istanbul cache-miss
469 http fetch GET 200 https://registry.npmmirror.com/@jridgewell%2ftrace-mapping 31ms (cache miss)
470 silly packumentCache full:https://registry.npmmirror.com/@jridgewell%2ftrace-mapping set size:40595 disposed:false
471 silly fetch manifest convert-source-map@^2.0.0
472 silly packumentCache full:https://registry.npmmirror.com/convert-source-map cache-miss
473 http fetch GET 200 https://registry.npmmirror.com/@jridgewell%2ftrace-mapping 29ms (cache miss)
474 silly packumentCache full:https://registry.npmmirror.com/@jridgewell%2ftrace-mapping set size:40595 disposed:false
475 silly packumentCache full:https://registry.npmmirror.com/@jridgewell%2ftrace-mapping dispose
476 silly fetch manifest fast-json-stable-stringify@^2.1.0
477 silly packumentCache full:https://registry.npmmirror.com/fast-json-stable-stringify cache-miss
478 http fetch GET 200 https://registry.npmmirror.com/collect-v8-coverage 51ms (cache miss)
479 silly packumentCache full:https://registry.npmmirror.com/collect-v8-coverage set size:2704 disposed:false
480 silly fetch manifest pirates@^4.0.4
481 silly packumentCache full:https://registry.npmmirror.com/pirates cache-miss
482 http fetch GET 200 https://registry.npmmirror.com/istanbul-lib-report 54ms (cache miss)
483 silly packumentCache full:https://registry.npmmirror.com/istanbul-lib-report set size:8842 disposed:false
484 silly fetch manifest write-file-atomic@^4.0.2
485 silly packumentCache full:https://registry.npmmirror.com/write-file-atomic cache-miss
486 http fetch GET 200 https://registry.npmmirror.com/@bcoe%2fv8-coverage 58ms (cache miss)
487 silly packumentCache full:https://registry.npmmirror.com/@bcoe%2fv8-coverage set size:3719 disposed:false
488 silly fetch manifest type-fest@^0.21.3
489 silly packumentCache full:https://registry.npmmirror.com/type-fest cache-miss
490 http fetch GET 200 https://registry.npmmirror.com/collect-v8-coverage 60ms (cache miss)
491 silly packumentCache full:https://registry.npmmirror.com/collect-v8-coverage set size:2704 disposed:false
492 silly packumentCache full:https://registry.npmmirror.com/collect-v8-coverage dispose
493 silly fetch manifest execa@^5.0.0
494 silly packumentCache full:https://registry.npmmirror.com/execa cache-miss
495 http fetch GET 200 https://registry.npmmirror.com/istanbul-lib-coverage 62ms (cache miss)
496 silly packumentCache full:https://registry.npmmirror.com/istanbul-lib-coverage set size:9781 disposed:false
497 silly fetch manifest p-limit@^3.1.0
498 silly packumentCache full:https://registry.npmmirror.com/p-limit cache-miss
499 http fetch GET 200 https://registry.npmmirror.com/istanbul-lib-source-maps 63ms (cache miss)
500 silly packumentCache full:https://registry.npmmirror.com/istanbul-lib-source-maps set size:13330 disposed:false
501 silly fetch manifest @jest/test-sequencer@^29.7.0
502 silly packumentCache full:https://registry.npmmirror.com/@jest%2ftest-sequencer cache-miss
503 http fetch GET 200 https://registry.npmmirror.com/babel-plugin-istanbul 63ms (cache miss)
504 silly packumentCache full:https://registry.npmmirror.com/babel-plugin-istanbul set size:17020 disposed:false
505 silly fetch manifest babel-jest@^29.7.0
506 silly packumentCache full:https://registry.npmmirror.com/babel-jest cache-miss
507 http fetch GET 200 https://registry.npmmirror.com/v8-to-istanbul 69ms (cache miss)
508 silly packumentCache full:https://registry.npmmirror.com/v8-to-istanbul set size:22395 disposed:false
509 silly fetch manifest deepmerge@^4.2.2
510 silly packumentCache full:https://registry.npmmirror.com/deepmerge cache-miss
511 http fetch GET 200 https://registry.npmmirror.com/istanbul-reports 73ms (cache miss)
512 silly packumentCache full:https://registry.npmmirror.com/istanbul-reports set size:22245 disposed:false
513 silly fetch manifest glob@^7.1.3
514 silly packumentCache full:https://registry.npmmirror.com/glob cache-miss
515 http fetch GET 200 https://registry.npmmirror.com/istanbul-lib-instrument 80ms (cache miss)
516 silly packumentCache full:https://registry.npmmirror.com/istanbul-lib-instrument set size:26135 disposed:false
517 silly fetch manifest jest-circus@^29.7.0
518 silly packumentCache full:https://registry.npmmirror.com/jest-circus cache-miss
519 http fetch GET 200 https://registry.npmmirror.com/fast-json-stable-stringify 50ms (cache miss)
520 silly packumentCache full:https://registry.npmmirror.com/fast-json-stable-stringify set size:3326 disposed:false
521 silly fetch manifest jest-environment-node@^29.7.0
522 silly packumentCache full:https://registry.npmmirror.com/jest-environment-node cache-miss
523 http fetch GET 200 https://registry.npmmirror.com/jest-worker 86ms (cache miss)
524 silly packumentCache full:https://registry.npmmirror.com/jest-worker set size:87800 disposed:false
525 silly fetch manifest parse-json@^5.2.0
526 silly packumentCache full:https://registry.npmmirror.com/parse-json cache-miss
527 http fetch GET 200 https://registry.npmmirror.com/convert-source-map 60ms (cache miss)
528 silly packumentCache full:https://registry.npmmirror.com/convert-source-map set size:13631 disposed:false
529 silly fetch manifest strip-json-comments@^3.1.1
530 silly packumentCache full:https://registry.npmmirror.com/strip-json-comments cache-miss
531 http fetch GET 200 https://registry.npmmirror.com/glob 98ms (cache miss)
532 silly packumentCache full:https://registry.npmmirror.com/glob set size:82873 disposed:false
533 silly fetch manifest @types/graceful-fs@^4.1.3
534 silly packumentCache full:https://registry.npmmirror.com/@types%2fgraceful-fs cache-miss
535 http fetch GET 200 https://registry.npmmirror.com/string-length 106ms (cache miss)
536 silly packumentCache full:https://registry.npmmirror.com/string-length set size:5469 disposed:false
537 silly fetch manifest anymatch@^3.0.3
538 silly packumentCache full:https://registry.npmmirror.com/anymatch cache-miss
539 http fetch GET 200 https://registry.npmmirror.com/p-limit 55ms (cache miss)
540 silly packumentCache full:https://registry.npmmirror.com/p-limit set size:10185 disposed:false
541 silly fetch manifest fb-watchman@^2.0.0
542 silly packumentCache full:https://registry.npmmirror.com/fb-watchman cache-miss
543 http fetch GET 200 https://registry.npmmirror.com/pirates 67ms (cache miss)
544 silly packumentCache full:https://registry.npmmirror.com/pirates set size:12543 disposed:false
545 silly fetch manifest walker@^1.0.8
546 silly packumentCache full:https://registry.npmmirror.com/walker cache-miss
547 http fetch GET 200 https://registry.npmmirror.com/execa 66ms (cache miss)
548 silly packumentCache full:https://registry.npmmirror.com/execa set size:31751 disposed:false
549 silly fetch manifest fsevents@^2.3.2
550 silly packumentCache full:https://registry.npmmirror.com/fsevents cache-miss
551 http fetch GET 200 https://registry.npmmirror.com/write-file-atomic 79ms (cache miss)
552 silly packumentCache full:https://registry.npmmirror.com/write-file-atomic set size:17026 disposed:false
553 silly fetch manifest jest-pnp-resolver@^1.2.2
554 silly packumentCache full:https://registry.npmmirror.com/jest-pnp-resolver cache-miss
555 http fetch GET 200 https://registry.npmmirror.com/parse-json 50ms (cache miss)
556 silly packumentCache full:https://registry.npmmirror.com/parse-json set size:10810 disposed:false
557 silly fetch manifest resolve@^1.20.0
558 silly packumentCache full:https://registry.npmmirror.com/resolve cache-miss
559 http fetch GET 200 https://registry.npmmirror.com/glob 68ms (cache miss)
560 silly packumentCache full:https://registry.npmmirror.com/glob set size:82873 disposed:false
561 silly packumentCache full:https://registry.npmmirror.com/glob dispose
562 silly fetch manifest resolve.exports@^2.0.0
563 silly packumentCache full:https://registry.npmmirror.com/resolve.exports cache-miss
564 http fetch GET 200 https://registry.npmmirror.com/strip-json-comments 55ms (cache miss)
565 silly packumentCache full:https://registry.npmmirror.com/strip-json-comments set size:8266 disposed:false
566 silly fetch manifest emittery@^0.13.1
567 silly packumentCache full:https://registry.npmmirror.com/emittery cache-miss
568 http fetch GET 200 https://registry.npmmirror.com/@jest%2ftest-sequencer 89ms (cache miss)
569 silly packumentCache full:https://registry.npmmirror.com/@jest%2ftest-sequencer set size:76070 disposed:false
570 silly fetch manifest jest-docblock@^29.7.0
571 silly packumentCache full:https://registry.npmmirror.com/jest-docblock cache-miss
572 http fetch GET 200 https://registry.npmmirror.com/type-fest 102ms (cache miss)
573 silly packumentCache full:https://registry.npmmirror.com/type-fest set size:111586 disposed:false
574 silly fetch manifest jest-environment-node@^29.7.0
575 silly packumentCache full:https://registry.npmmirror.com/jest-environment-node cache-miss
576 http fetch GET 200 https://registry.npmmirror.com/anymatch 61ms (cache miss)
577 silly packumentCache full:https://registry.npmmirror.com/anymatch set size:8660 disposed:false
578 silly fetch manifest jest-leak-detector@^29.7.0
579 silly packumentCache full:https://registry.npmmirror.com/jest-leak-detector cache-miss
580 http fetch GET 200 https://registry.npmmirror.com/babel-jest 106ms (cache miss)
581 silly packumentCache full:https://registry.npmmirror.com/babel-jest set size:113798 disposed:false
582 silly fetch manifest source-map-support@0.5.13
583 silly packumentCache full:https://registry.npmmirror.com/source-map-support cache-miss
584 http fetch GET 200 https://registry.npmmirror.com/@types%2fgraceful-fs 79ms (cache miss)
585 silly packumentCache full:https://registry.npmmirror.com/@types%2fgraceful-fs set size:8855 disposed:false
586 silly fetch manifest @jest/source-map@^29.6.3
587 silly packumentCache full:https://registry.npmmirror.com/@jest%2fsource-map cache-miss
588 http fetch GET 200 https://registry.npmmirror.com/deepmerge 111ms (cache miss)
589 silly packumentCache full:https://registry.npmmirror.com/deepmerge set size:18068 disposed:false
590 silly fetch manifest cjs-module-lexer@^1.0.0
591 silly packumentCache full:https://registry.npmmirror.com/cjs-module-lexer cache-miss
592 http fetch GET 200 https://registry.npmmirror.com/walker 66ms (cache miss)
593 silly packumentCache full:https://registry.npmmirror.com/walker set size:3980 disposed:false
594 silly fetch manifest strip-bom@^4.0.0
595 silly packumentCache full:https://registry.npmmirror.com/strip-bom cache-miss
596 http fetch GET 200 https://registry.npmmirror.com/jest-pnp-resolver 55ms (cache miss)
597 silly packumentCache full:https://registry.npmmirror.com/jest-pnp-resolver set size:4741 disposed:false
598 silly fetch manifest camelcase@^6.2.0
599 silly packumentCache full:https://registry.npmmirror.com/camelcase cache-miss
600 http fetch GET 200 https://registry.npmmirror.com/jest-environment-node 111ms (cache miss)
601 silly packumentCache full:https://registry.npmmirror.com/jest-environment-node set size:110742 disposed:false
602 silly fetch manifest leven@^3.1.0
603 silly packumentCache full:https://registry.npmmirror.com/leven cache-miss
604 http fetch GET 200 https://registry.npmmirror.com/fb-watchman 81ms (cache miss)
605 silly packumentCache full:https://registry.npmmirror.com/fb-watchman set size:6096 disposed:false
606 silly fetch manifest emittery@^0.13.1
607 silly packumentCache full:https://registry.npmmirror.com/emittery cache-miss
608 http fetch GET 200 https://registry.npmmirror.com/jest-circus 120ms (cache miss)
609 silly packumentCache full:https://registry.npmmirror.com/jest-circus set size:119631 disposed:false
610 silly fetch manifest braces@^3.0.3
611 silly packumentCache full:https://registry.npmmirror.com/braces cache-miss
612 http fetch GET 200 https://registry.npmmirror.com/resolve.exports 65ms (cache miss)
613 silly packumentCache full:https://registry.npmmirror.com/resolve.exports set size:13396 disposed:false
614 silly fetch manifest picomatch@^2.3.1
615 silly packumentCache full:https://registry.npmmirror.com/picomatch cache-hit
616 silly fetch manifest ansi-styles@^5.0.0
617 silly packumentCache full:https://registry.npmmirror.com/ansi-styles cache-hit
618 silly fetch manifest react-is@^18.0.0
619 silly packumentCache full:https://registry.npmmirror.com/react-is cache-miss
620 http fetch GET 200 https://registry.npmmirror.com/fsevents 89ms (cache miss)
621 silly packumentCache full:https://registry.npmmirror.com/fsevents set size:16344 disposed:false
622 silly fetch manifest ansi-regex@^5.0.1
623 silly packumentCache full:https://registry.npmmirror.com/ansi-regex cache-miss
624 http fetch GET 200 https://registry.npmmirror.com/emittery 73ms (cache miss)
625 silly packumentCache full:https://registry.npmmirror.com/emittery set size:23434 disposed:false
626 http fetch GET 200 https://registry.npmmirror.com/resolve 86ms (cache miss)
627 silly packumentCache full:https://registry.npmmirror.com/resolve set size:38746 disposed:false
628 http fetch GET 200 https://registry.npmmirror.com/camelcase 41ms (cache miss)
629 silly packumentCache full:https://registry.npmmirror.com/camelcase set size:12780 disposed:false
630 http fetch GET 200 https://registry.npmmirror.com/cjs-module-lexer 51ms (cache miss)
631 silly packumentCache full:https://registry.npmmirror.com/cjs-module-lexer set size:21163 disposed:false
632 http fetch GET 200 https://registry.npmmirror.com/emittery 37ms (cache miss)
633 silly packumentCache full:https://registry.npmmirror.com/emittery set size:23434 disposed:false
634 silly packumentCache full:https://registry.npmmirror.com/emittery dispose
635 http fetch GET 200 https://registry.npmmirror.com/jest-docblock 83ms (cache miss)
636 silly packumentCache full:https://registry.npmmirror.com/jest-docblock set size:45798 disposed:false
637 http fetch GET 200 https://registry.npmmirror.com/jest-environment-node 79ms (cache miss)
638 silly packumentCache full:https://registry.npmmirror.com/jest-environment-node set size:110742 disposed:false
639 silly packumentCache full:https://registry.npmmirror.com/jest-environment-node dispose
640 http fetch GET 200 https://registry.npmmirror.com/@jest%2fsource-map 65ms (cache miss)
641 silly packumentCache full:https://registry.npmmirror.com/@jest%2fsource-map set size:34810 disposed:false
642 http fetch GET 200 https://registry.npmmirror.com/source-map-support 71ms (cache miss)
643 silly packumentCache full:https://registry.npmmirror.com/source-map-support set size:21556 disposed:false
644 http fetch GET 200 https://registry.npmmirror.com/strip-bom 59ms (cache miss)
645 silly packumentCache full:https://registry.npmmirror.com/strip-bom set size:4055 disposed:false
646 http fetch GET 200 https://registry.npmmirror.com/ansi-regex 31ms (cache miss)
647 silly packumentCache full:https://registry.npmmirror.com/ansi-regex set size:9857 disposed:false
648 http fetch GET 200 https://registry.npmmirror.com/jest-leak-detector 82ms (cache miss)
649 silly packumentCache full:https://registry.npmmirror.com/jest-leak-detector set size:77063 disposed:false
650 http fetch GET 200 https://registry.npmmirror.com/leven 58ms (cache miss)
651 silly packumentCache full:https://registry.npmmirror.com/leven set size:4853 disposed:false
652 http fetch GET 200 https://registry.npmmirror.com/braces 56ms (cache miss)
653 silly packumentCache full:https://registry.npmmirror.com/braces set size:22104 disposed:false
654 http fetch GET 200 https://registry.npmmirror.com/react-is 131ms (cache miss)
655 silly packumentCache full:https://registry.npmmirror.com/react-is set size:1088294 disposed:false
656 silly placeDep ROOT @bcoe/v8-coverage@0.2.3 OK for: @jest/reporters@29.7.0 want: ^0.2.3
657 silly placeDep ROOT @jridgewell/trace-mapping@0.3.31 OK for: @jest/reporters@29.7.0 want: ^0.3.18
658 silly placeDep ROOT collect-v8-coverage@1.0.3 OK for: @jest/reporters@29.7.0 want: ^1.0.0
659 silly placeDep ROOT glob@7.2.3 OK for: @jest/reporters@29.7.0 want: ^7.1.3
660 silly placeDep ROOT istanbul-lib-coverage@3.2.2 OK for: @jest/reporters@29.7.0 want: ^3.0.0
661 silly placeDep ROOT istanbul-lib-instrument@6.0.3 OK for: @jest/reporters@29.7.0 want: ^6.0.0
662 silly placeDep ROOT istanbul-lib-report@3.0.1 OK for: @jest/reporters@29.7.0 want: ^3.0.0
663 silly placeDep ROOT istanbul-lib-source-maps@4.0.1 OK for: @jest/reporters@29.7.0 want: ^4.0.0
664 silly placeDep ROOT istanbul-reports@3.2.0 OK for: @jest/reporters@29.7.0 want: ^3.1.3
665 silly placeDep ROOT jest-worker@29.7.0 OK for: @jest/reporters@29.7.0 want: ^29.7.0
666 silly placeDep ROOT string-length@4.0.2 OK for: @jest/reporters@29.7.0 want: ^4.0.1
667 silly placeDep ROOT v8-to-istanbul@9.3.0 OK for: @jest/reporters@29.7.0 want: ^9.0.1
668 silly fetch manifest @jridgewell/resolve-uri@^3.1.0
669 silly packumentCache full:https://registry.npmmirror.com/@jridgewell%2fresolve-uri cache-miss
670 silly fetch manifest @jridgewell/sourcemap-codec@^1.4.14
671 silly packumentCache full:https://registry.npmmirror.com/@jridgewell%2fsourcemap-codec cache-miss
672 silly fetch manifest fs.realpath@^1.0.0
673 silly packumentCache full:https://registry.npmmirror.com/fs.realpath cache-miss
674 silly fetch manifest inflight@^1.0.4
675 silly packumentCache full:https://registry.npmmirror.com/inflight cache-miss
676 silly fetch manifest inherits@2
677 silly packumentCache full:https://registry.npmmirror.com/inherits cache-miss
678 silly fetch manifest minimatch@^3.1.1
679 silly packumentCache full:https://registry.npmmirror.com/minimatch cache-miss
680 silly fetch manifest once@^1.3.0
681 silly packumentCache full:https://registry.npmmirror.com/once cache-miss
682 silly fetch manifest path-is-absolute@^1.0.0
683 silly packumentCache full:https://registry.npmmirror.com/path-is-absolute cache-miss
684 silly fetch manifest @babel/core@^7.23.9
685 silly packumentCache full:https://registry.npmmirror.com/@babel%2fcore cache-hit
686 silly fetch manifest @babel/parser@^7.23.9
687 silly packumentCache full:https://registry.npmmirror.com/@babel%2fparser cache-miss
688 silly fetch manifest @istanbuljs/schema@^0.1.3
689 silly packumentCache full:https://registry.npmmirror.com/@istanbuljs%2fschema cache-miss
690 silly fetch manifest semver@^7.5.4
691 silly packumentCache full:https://registry.npmmirror.com/semver cache-hit
692 silly fetch manifest make-dir@^4.0.0
693 silly packumentCache full:https://registry.npmmirror.com/make-dir cache-miss
694 silly fetch manifest debug@^4.1.1
695 silly packumentCache full:https://registry.npmmirror.com/debug cache-miss
696 silly fetch manifest source-map@^0.6.1
697 silly packumentCache full:https://registry.npmmirror.com/source-map cache-miss
698 silly fetch manifest html-escaper@^2.0.0
699 silly packumentCache full:https://registry.npmmirror.com/html-escaper cache-miss
700 silly fetch manifest merge-stream@^2.0.0
701 silly packumentCache full:https://registry.npmmirror.com/merge-stream cache-miss
702 http fetch GET 200 https://registry.npmmirror.com/@jridgewell%2fresolve-uri 22ms (cache miss)
703 silly packumentCache full:https://registry.npmmirror.com/@jridgewell%2fresolve-uri set size:14497 disposed:false
704 silly fetch manifest supports-color@^8.0.0
705 silly packumentCache full:https://registry.npmmirror.com/supports-color cache-hit
706 silly fetch manifest char-regex@^1.0.2
707 silly packumentCache full:https://registry.npmmirror.com/char-regex cache-miss
708 http fetch GET 200 https://registry.npmmirror.com/@jridgewell%2fsourcemap-codec 25ms (cache miss)
709 silly packumentCache full:https://registry.npmmirror.com/@jridgewell%2fsourcemap-codec set size:14577 disposed:false
710 http fetch GET 200 https://registry.npmmirror.com/inflight 28ms (cache miss)
711 silly packumentCache full:https://registry.npmmirror.com/inflight set size:3168 disposed:false
712 http fetch GET 200 https://registry.npmmirror.com/path-is-absolute 41ms (cache miss)
713 silly packumentCache full:https://registry.npmmirror.com/path-is-absolute set size:2115 disposed:false
714 http fetch GET 200 https://registry.npmmirror.com/inherits 43ms (cache miss)
715 silly packumentCache full:https://registry.npmmirror.com/inherits set size:3419 disposed:false
716 http fetch GET 200 https://registry.npmmirror.com/fs.realpath 43ms (cache miss)
717 silly packumentCache full:https://registry.npmmirror.com/fs.realpath set size:1727 disposed:false
718 http fetch GET 200 https://registry.npmmirror.com/once 44ms (cache miss)
719 silly packumentCache full:https://registry.npmmirror.com/once set size:3210 disposed:false
720 http fetch GET 200 https://registry.npmmirror.com/minimatch 49ms (cache miss)
721 silly packumentCache full:https://registry.npmmirror.com/minimatch set size:82781 disposed:false
722 http fetch GET 200 https://registry.npmmirror.com/debug 52ms (cache miss)
723 silly packumentCache full:https://registry.npmmirror.com/debug set size:32036 disposed:false
724 http fetch GET 200 https://registry.npmmirror.com/source-map 56ms (cache miss)
725 silly packumentCache full:https://registry.npmmirror.com/source-map set size:34381 disposed:false
726 http fetch GET 200 https://registry.npmmirror.com/make-dir 62ms (cache miss)
727 silly packumentCache full:https://registry.npmmirror.com/make-dir set size:6505 disposed:false
728 http fetch GET 200 https://registry.npmmirror.com/merge-stream 61ms (cache miss)
729 silly packumentCache full:https://registry.npmmirror.com/merge-stream set size:4859 disposed:false
730 http fetch GET 200 https://registry.npmmirror.com/char-regex 43ms (cache miss)
731 silly packumentCache full:https://registry.npmmirror.com/char-regex set size:4298 disposed:false
732 http fetch GET 200 https://registry.npmmirror.com/@istanbuljs%2fschema 65ms (cache miss)
733 silly packumentCache full:https://registry.npmmirror.com/@istanbuljs%2fschema set size:2454 disposed:false
734 http fetch GET 200 https://registry.npmmirror.com/html-escaper 63ms (cache miss)
735 silly packumentCache full:https://registry.npmmirror.com/html-escaper set size:5968 disposed:false
736 http fetch GET 200 https://registry.npmmirror.com/@babel%2fparser 70ms (cache miss)
737 silly packumentCache full:https://registry.npmmirror.com/@babel%2fparser set size:104500 disposed:false
738 silly placeDep ROOT @babel/core@7.28.5 OK for: @jest/transform@29.7.0 want: ^7.11.6
739 silly placeDep ROOT babel-plugin-istanbul@6.1.1 OK for: @jest/transform@29.7.0 want: ^6.1.1
740 silly placeDep ROOT convert-source-map@2.0.0 OK for: @jest/transform@29.7.0 want: ^2.0.0
741 silly placeDep ROOT fast-json-stable-stringify@2.1.0 OK for: @jest/transform@29.7.0 want: ^2.1.0
742 silly placeDep ROOT pirates@4.0.7 OK for: @jest/transform@29.7.0 want: ^4.0.4
743 silly placeDep ROOT write-file-atomic@4.0.2 OK for: @jest/transform@29.7.0 want: ^4.0.2
744 silly fetch manifest @babel/code-frame@^7.27.1
745 silly packumentCache full:https://registry.npmmirror.com/@babel%2fcode-frame cache-hit
746 silly fetch manifest @babel/generator@^7.28.5
747 silly packumentCache full:https://registry.npmmirror.com/@babel%2fgenerator cache-hit
748 silly fetch manifest @babel/helper-compilation-targets@^7.27.2
749 silly packumentCache full:https://registry.npmmirror.com/@babel%2fhelper-compilation-targets cache-miss
750 silly fetch manifest @babel/helper-module-transforms@^7.28.3
751 silly packumentCache full:https://registry.npmmirror.com/@babel%2fhelper-module-transforms cache-miss
752 silly fetch manifest @babel/helpers@^7.28.4
753 silly packumentCache full:https://registry.npmmirror.com/@babel%2fhelpers cache-miss
754 silly fetch manifest @babel/parser@^7.28.5
755 silly packumentCache full:https://registry.npmmirror.com/@babel%2fparser cache-hit
756 silly fetch manifest @babel/template@^7.27.2
757 silly packumentCache full:https://registry.npmmirror.com/@babel%2ftemplate cache-miss
758 silly fetch manifest @babel/traverse@^7.28.5
759 silly packumentCache full:https://registry.npmmirror.com/@babel%2ftraverse cache-miss
760 silly fetch manifest @babel/types@^7.28.5
761 silly packumentCache full:https://registry.npmmirror.com/@babel%2ftypes cache-hit
762 silly fetch manifest @jridgewell/remapping@^2.3.5
763 silly packumentCache full:https://registry.npmmirror.com/@jridgewell%2fremapping cache-miss
764 silly fetch manifest debug@^4.1.0
765 silly packumentCache full:https://registry.npmmirror.com/debug cache-hit
766 silly fetch manifest gensync@^1.0.0-beta.2
767 silly packumentCache full:https://registry.npmmirror.com/gensync cache-miss
768 silly fetch manifest json5@^2.2.3
769 silly packumentCache full:https://registry.npmmirror.com/json5 cache-miss
770 silly fetch manifest semver@^6.3.1
771 silly packumentCache full:https://registry.npmmirror.com/semver cache-hit
772 silly fetch manifest @babel/helper-plugin-utils@^7.0.0
773 silly packumentCache full:https://registry.npmmirror.com/@babel%2fhelper-plugin-utils cache-miss
774 silly fetch manifest @istanbuljs/load-nyc-config@^1.0.0
775 silly packumentCache full:https://registry.npmmirror.com/@istanbuljs%2fload-nyc-config cache-miss
776 silly fetch manifest @istanbuljs/schema@^0.1.2
777 silly packumentCache full:https://registry.npmmirror.com/@istanbuljs%2fschema cache-hit
778 silly fetch manifest istanbul-lib-instrument@^5.0.4
779 silly packumentCache full:https://registry.npmmirror.com/istanbul-lib-instrument cache-hit
780 silly fetch manifest test-exclude@^6.0.0
781 silly packumentCache full:https://registry.npmmirror.com/test-exclude cache-miss
782 silly fetch manifest imurmurhash@^0.1.4
783 silly packumentCache full:https://registry.npmmirror.com/imurmurhash cache-miss
784 silly fetch manifest signal-exit@^3.0.7
785 silly packumentCache full:https://registry.npmmirror.com/signal-exit cache-miss
786 http fetch GET 200 https://registry.npmmirror.com/@jridgewell%2fremapping 26ms (cache miss)
787 silly packumentCache full:https://registry.npmmirror.com/@jridgewell%2fremapping set size:6023 disposed:false
788 http fetch GET 200 https://registry.npmmirror.com/signal-exit 30ms (cache miss)
789 silly packumentCache full:https://registry.npmmirror.com/signal-exit set size:12845 disposed:false
790 http fetch GET 200 https://registry.npmmirror.com/gensync 47ms (cache miss)
791 silly packumentCache full:https://registry.npmmirror.com/gensync set size:3930 disposed:false
792 http fetch GET 200 https://registry.npmmirror.com/@babel%2fhelper-compilation-targets 48ms (cache miss)
793 silly packumentCache full:https://registry.npmmirror.com/@babel%2fhelper-compilation-targets set size:39005 disposed:false
794 http fetch GET 200 https://registry.npmmirror.com/imurmurhash 47ms (cache miss)
795 silly packumentCache full:https://registry.npmmirror.com/imurmurhash set size:3727 disposed:false
796 http fetch GET 200 https://registry.npmmirror.com/@istanbuljs%2fload-nyc-config 47ms (cache miss)
797 silly packumentCache full:https://registry.npmmirror.com/@istanbuljs%2fload-nyc-config set size:3343 disposed:false
798 http fetch GET 200 https://registry.npmmirror.com/test-exclude 49ms (cache miss)
799 silly packumentCache full:https://registry.npmmirror.com/test-exclude set size:13835 disposed:false
800 http fetch GET 200 https://registry.npmmirror.com/json5 55ms (cache miss)
801 silly packumentCache full:https://registry.npmmirror.com/json5 set size:18850 disposed:false
802 http fetch GET 200 https://registry.npmmirror.com/@babel%2fhelper-module-transforms 58ms (cache miss)
803 silly packumentCache full:https://registry.npmmirror.com/@babel%2fhelper-module-transforms set size:55637 disposed:false
804 http fetch GET 200 https://registry.npmmirror.com/@babel%2fhelper-plugin-utils 62ms (cache miss)
805 silly packumentCache full:https://registry.npmmirror.com/@babel%2fhelper-plugin-utils set size:31480 disposed:false
806 http fetch GET 200 https://registry.npmmirror.com/@babel%2ftemplate 65ms (cache miss)
807 silly packumentCache full:https://registry.npmmirror.com/@babel%2ftemplate set size:36952 disposed:false
808 http fetch GET 200 https://registry.npmmirror.com/@babel%2fhelpers 67ms (cache miss)
809 silly packumentCache full:https://registry.npmmirror.com/@babel%2fhelpers set size:67441 disposed:false
810 http fetch GET 200 https://registry.npmmirror.com/@babel%2ftraverse 71ms (cache miss)
811 silly packumentCache full:https://registry.npmmirror.com/@babel%2ftraverse set size:92102 disposed:false
812 silly fetch manifest @babel/core@^7.0.0
813 silly packumentCache full:https://registry.npmmirror.com/@babel%2fcore cache-hit
814 silly placeDep ROOT @babel/code-frame@7.27.1 OK for: @babel/core@7.28.5 want: ^7.27.1
815 silly placeDep ROOT @babel/generator@7.28.5 OK for: @babel/core@7.28.5 want: ^7.28.5
816 silly placeDep ROOT @babel/helper-compilation-targets@7.27.2 OK for: @babel/core@7.28.5 want: ^7.27.2
817 silly placeDep ROOT @babel/helper-module-transforms@7.28.3 OK for: @babel/core@7.28.5 want: ^7.28.3
818 silly placeDep ROOT @babel/helpers@7.28.4 OK for: @babel/core@7.28.5 want: ^7.28.4
819 silly placeDep ROOT @babel/parser@7.28.5 OK for: @babel/core@7.28.5 want: ^7.28.5
820 silly placeDep ROOT @babel/template@7.27.2 OK for: @babel/core@7.28.5 want: ^7.27.2
821 silly placeDep ROOT @babel/traverse@7.28.5 OK for: @babel/core@7.28.5 want: ^7.28.5
822 silly placeDep ROOT @babel/types@7.28.5 OK for: @babel/core@7.28.5 want: ^7.28.5
823 silly placeDep ROOT @jridgewell/remapping@2.3.5 OK for: @babel/core@7.28.5 want: ^2.3.5
824 silly placeDep ROOT debug@4.4.3 OK for: @babel/core@7.28.5 want: ^4.1.0
825 silly placeDep ROOT gensync@1.0.0-beta.2 OK for: @babel/core@7.28.5 want: ^1.0.0-beta.2
826 silly placeDep ROOT json5@2.2.3 OK for: @babel/core@7.28.5 want: ^2.2.3
827 silly placeDep ROOT semver@6.3.1 OK for: @babel/core@7.28.5 want: ^6.3.1
828 silly fetch manifest @babel/helper-validator-identifier@^7.27.1
829 silly packumentCache full:https://registry.npmmirror.com/@babel%2fhelper-validator-identifier cache-miss
830 silly fetch manifest js-tokens@^4.0.0
831 silly packumentCache full:https://registry.npmmirror.com/js-tokens cache-miss
832 silly fetch manifest picocolors@^1.1.1
833 silly packumentCache full:https://registry.npmmirror.com/picocolors cache-miss
834 silly fetch manifest @jridgewell/gen-mapping@^0.3.12
835 silly packumentCache full:https://registry.npmmirror.com/@jridgewell%2fgen-mapping cache-miss
836 silly fetch manifest jsesc@^3.0.2
837 silly packumentCache full:https://registry.npmmirror.com/jsesc cache-miss
838 silly fetch manifest @babel/compat-data@^7.27.2
839 silly packumentCache full:https://registry.npmmirror.com/@babel%2fcompat-data cache-miss
840 silly fetch manifest @babel/helper-validator-option@^7.27.1
841 silly packumentCache full:https://registry.npmmirror.com/@babel%2fhelper-validator-option cache-miss
842 silly fetch manifest browserslist@^4.24.0
843 silly packumentCache full:https://registry.npmmirror.com/browserslist cache-miss
844 silly fetch manifest lru-cache@^5.1.1
845 silly packumentCache full:https://registry.npmmirror.com/lru-cache cache-miss
846 silly fetch manifest @babel/helper-module-imports@^7.27.1
847 silly packumentCache full:https://registry.npmmirror.com/@babel%2fhelper-module-imports cache-miss
848 silly fetch manifest @babel/helper-validator-identifier@^7.27.1
849 silly packumentCache full:https://registry.npmmirror.com/@babel%2fhelper-validator-identifier cache-miss
850 silly fetch manifest @babel/traverse@^7.28.3
851 silly packumentCache full:https://registry.npmmirror.com/@babel%2ftraverse cache-hit
852 silly fetch manifest @babel/types@^7.28.4
853 silly packumentCache full:https://registry.npmmirror.com/@babel%2ftypes cache-hit
854 silly fetch manifest @babel/types@^7.27.1
855 silly packumentCache full:https://registry.npmmirror.com/@babel%2ftypes cache-hit
856 silly fetch manifest @babel/helper-globals@^7.28.0
857 silly packumentCache full:https://registry.npmmirror.com/@babel%2fhelper-globals cache-miss
858 silly fetch manifest debug@^4.3.1
859 silly packumentCache full:https://registry.npmmirror.com/debug cache-hit
860 silly fetch manifest @babel/helper-string-parser@^7.27.1
861 silly packumentCache full:https://registry.npmmirror.com/@babel%2fhelper-string-parser cache-miss
862 silly fetch manifest @babel/helper-validator-identifier@^7.28.5
863 silly packumentCache full:https://registry.npmmirror.com/@babel%2fhelper-validator-identifier cache-miss
864 silly fetch manifest @jridgewell/gen-mapping@^0.3.5
865 silly packumentCache full:https://registry.npmmirror.com/@jridgewell%2fgen-mapping cache-miss
866 http fetch GET 200 https://registry.npmmirror.com/@babel%2fhelper-validator-option 29ms (cache miss)
867 silly packumentCache full:https://registry.npmmirror.com/@babel%2fhelper-validator-option set size:19412 disposed:false
868 silly fetch manifest ms@^2.1.3
869 silly packumentCache full:https://registry.npmmirror.com/ms cache-miss
870 http fetch GET 200 https://registry.npmmirror.com/@jridgewell%2fgen-mapping 31ms (cache miss)
871 silly packumentCache full:https://registry.npmmirror.com/@jridgewell%2fgen-mapping set size:17889 disposed:false
872 http fetch GET 200 https://registry.npmmirror.com/@babel%2fhelper-module-imports 32ms (cache miss)
873 silly packumentCache full:https://registry.npmmirror.com/@babel%2fhelper-module-imports set size:31540 disposed:false
874 http fetch GET 200 https://registry.npmmirror.com/@babel%2fhelper-validator-identifier 39ms (cache miss)
875 silly packumentCache full:https://registry.npmmirror.com/@babel%2fhelper-validator-identifier set size:22157 disposed:false
876 http fetch GET 200 https://registry.npmmirror.com/@jridgewell%2fgen-mapping 41ms (cache miss)
877 silly packumentCache full:https://registry.npmmirror.com/@jridgewell%2fgen-mapping set size:17889 disposed:false
878 silly packumentCache full:https://registry.npmmirror.com/@jridgewell%2fgen-mapping dispose
879 http fetch GET 200 https://registry.npmmirror.com/@babel%2fhelper-globals 45ms (cache miss)
880 silly packumentCache full:https://registry.npmmirror.com/@babel%2fhelper-globals set size:2334 disposed:false
881 http fetch GET 200 https://registry.npmmirror.com/@babel%2fhelper-validator-identifier 47ms (cache miss)
882 silly packumentCache full:https://registry.npmmirror.com/@babel%2fhelper-validator-identifier set size:22157 disposed:false
883 silly packumentCache full:https://registry.npmmirror.com/@babel%2fhelper-validator-identifier dispose
884 http fetch GET 200 https://registry.npmmirror.com/@babel%2fhelper-validator-identifier 46ms (cache miss)
885 silly packumentCache full:https://registry.npmmirror.com/@babel%2fhelper-validator-identifier set size:22157 disposed:true
886 silly packumentCache full:https://registry.npmmirror.com/@babel%2fhelper-validator-identifier dispose
887 http fetch GET 200 https://registry.npmmirror.com/js-tokens 49ms (cache miss)
888 silly packumentCache full:https://registry.npmmirror.com/js-tokens set size:9897 disposed:false
889 http fetch GET 200 https://registry.npmmirror.com/browserslist 49ms (cache miss)
890 silly packumentCache full:https://registry.npmmirror.com/browserslist set size:74370 disposed:false
891 http fetch GET 200 https://registry.npmmirror.com/picocolors 58ms (cache miss)
892 silly packumentCache full:https://registry.npmmirror.com/picocolors set size:4040 disposed:false
893 http fetch GET 200 https://registry.npmmirror.com/jsesc 58ms (cache miss)
894 silly packumentCache full:https://registry.npmmirror.com/jsesc set size:12774 disposed:false
895 http fetch GET 200 https://registry.npmmirror.com/@babel%2fhelper-string-parser 58ms (cache miss)
896 silly packumentCache full:https://registry.npmmirror.com/@babel%2fhelper-string-parser set size:18235 disposed:false
897 http fetch GET 200 https://registry.npmmirror.com/@babel%2fcompat-data 64ms (cache miss)
898 silly packumentCache full:https://registry.npmmirror.com/@babel%2fcompat-data set size:52924 disposed:false
899 http fetch GET 200 https://registry.npmmirror.com/lru-cache 67ms (cache miss)
900 silly packumentCache full:https://registry.npmmirror.com/lru-cache set size:99247 disposed:false
901 http fetch GET 200 https://registry.npmmirror.com/ms 43ms (cache miss)
902 silly packumentCache full:https://registry.npmmirror.com/ms set size:15985 disposed:false
903 silly placeDep ROOT @babel/helper-validator-identifier@7.28.5 OK for: @babel/code-frame@7.27.1 want: ^7.27.1
904 silly placeDep ROOT js-tokens@4.0.0 OK for: @babel/code-frame@7.27.1 want: ^4.0.0
905 silly placeDep ROOT picocolors@1.1.1 OK for: @babel/code-frame@7.27.1 want: ^1.1.1
906 silly placeDep ROOT @jridgewell/gen-mapping@0.3.13 OK for: @babel/generator@7.28.5 want: ^0.3.12
907 silly placeDep ROOT jsesc@3.1.0 OK for: @babel/generator@7.28.5 want: ^3.0.2
908 silly fetch manifest @jridgewell/sourcemap-codec@^1.5.0
909 silly packumentCache full:https://registry.npmmirror.com/@jridgewell%2fsourcemap-codec cache-hit
910 silly placeDep ROOT @babel/compat-data@7.28.5 OK for: @babel/helper-compilation-targets@7.27.2 want: ^7.27.2
911 silly placeDep ROOT @babel/helper-validator-option@7.27.1 OK for: @babel/helper-compilation-targets@7.27.2 want: ^7.27.1
912 silly placeDep ROOT browserslist@4.28.1 OK for: @babel/helper-compilation-targets@7.27.2 want: ^4.24.0
913 silly placeDep ROOT lru-cache@5.1.1 OK for: @babel/helper-compilation-targets@7.27.2 want: ^5.1.1
914 silly fetch manifest baseline-browser-mapping@^2.9.0
915 silly packumentCache full:https://registry.npmmirror.com/baseline-browser-mapping cache-miss
916 silly fetch manifest caniuse-lite@^1.0.30001759
917 silly packumentCache full:https://registry.npmmirror.com/caniuse-lite cache-miss
918 silly fetch manifest electron-to-chromium@^1.5.263
919 silly packumentCache full:https://registry.npmmirror.com/electron-to-chromium cache-miss
920 silly fetch manifest node-releases@^2.0.27
921 silly packumentCache full:https://registry.npmmirror.com/node-releases cache-miss
922 silly fetch manifest update-browserslist-db@^1.2.0
923 silly packumentCache full:https://registry.npmmirror.com/update-browserslist-db cache-miss
924 silly fetch manifest yallist@^3.0.2
925 silly packumentCache full:https://registry.npmmirror.com/yallist cache-miss
926 http fetch GET 200 https://registry.npmmirror.com/yallist 21ms (cache miss)
927 silly packumentCache full:https://registry.npmmirror.com/yallist set size:7662 disposed:false
928 http fetch GET 200 https://registry.npmmirror.com/update-browserslist-db 22ms (cache miss)
929 silly packumentCache full:https://registry.npmmirror.com/update-browserslist-db set size:17723 disposed:false
930 http fetch GET 200 https://registry.npmmirror.com/baseline-browser-mapping 36ms (cache miss)
931 silly packumentCache full:https://registry.npmmirror.com/baseline-browser-mapping set size:52602 disposed:false
932 http fetch GET 200 https://registry.npmmirror.com/node-releases 42ms (cache miss)
933 silly packumentCache full:https://registry.npmmirror.com/node-releases set size:37475 disposed:false
934 http fetch GET 200 https://registry.npmmirror.com/caniuse-lite 73ms (cache miss)
935 silly packumentCache full:https://registry.npmmirror.com/caniuse-lite set size:355991 disposed:false
936 http fetch GET 200 https://registry.npmmirror.com/electron-to-chromium 142ms (cache miss)
937 silly packumentCache full:https://registry.npmmirror.com/electron-to-chromium set size:797785 disposed:false
938 silly placeDep ROOT @babel/helper-module-imports@7.27.1 OK for: @babel/helper-module-transforms@7.28.3 want: ^7.27.1
939 silly placeDep ROOT @babel/helper-globals@7.28.0 OK for: @babel/traverse@7.28.5 want: ^7.28.0
940 silly placeDep ROOT @babel/helper-string-parser@7.27.1 OK for: @babel/types@7.28.5 want: ^7.27.1
941 silly placeDep ROOT @jridgewell/sourcemap-codec@1.5.5 OK for: @jridgewell/gen-mapping@0.3.13 want: ^1.5.0
942 silly placeDep ROOT @jridgewell/resolve-uri@3.1.2 OK for: @jridgewell/trace-mapping@0.3.31 want: ^3.1.0
943 silly placeDep ROOT type-fest@0.21.3 OK for: ansi-escapes@4.3.2 want: ^0.21.3
944 silly placeDep ROOT @babel/helper-plugin-utils@7.27.1 OK for: babel-plugin-istanbul@6.1.1 want: ^7.0.0
945 silly placeDep ROOT @istanbuljs/load-nyc-config@1.1.0 OK for: babel-plugin-istanbul@6.1.1 want: ^1.0.0
946 silly placeDep ROOT @istanbuljs/schema@0.1.3 OK for: babel-plugin-istanbul@6.1.1 want: ^0.1.2
947 silly placeDep node_modules/babel-plugin-istanbul istanbul-lib-instrument@5.2.1 OK for: babel-plugin-istanbul@6.1.1 want: ^5.0.4
948 silly placeDep ROOT test-exclude@6.0.0 OK for: babel-plugin-istanbul@6.1.1 want: ^6.0.0
949 silly fetch manifest camelcase@^5.3.1
950 silly packumentCache full:https://registry.npmmirror.com/camelcase cache-hit
951 silly fetch manifest find-up@^4.1.0
952 silly packumentCache full:https://registry.npmmirror.com/find-up cache-miss
953 silly fetch manifest get-package-type@^0.1.0
954 silly packumentCache full:https://registry.npmmirror.com/get-package-type cache-miss
955 silly fetch manifest js-yaml@^3.13.1
956 silly packumentCache full:https://registry.npmmirror.com/js-yaml cache-miss
957 silly fetch manifest resolve-from@^5.0.0
958 silly packumentCache full:https://registry.npmmirror.com/resolve-from cache-miss
959 silly fetch manifest minimatch@^3.0.4
960 silly packumentCache full:https://registry.npmmirror.com/minimatch cache-hit
961 http fetch GET 200 https://registry.npmmirror.com/resolve-from 28ms (cache miss)
962 silly packumentCache full:https://registry.npmmirror.com/resolve-from set size:3131 disposed:false
963 http fetch GET 200 https://registry.npmmirror.com/find-up 28ms (cache miss)
964 silly packumentCache full:https://registry.npmmirror.com/find-up set size:8955 disposed:false
965 http fetch GET 200 https://registry.npmmirror.com/js-yaml 33ms (cache miss)
966 silly packumentCache full:https://registry.npmmirror.com/js-yaml set size:25284 disposed:false
967 http fetch GET 200 https://registry.npmmirror.com/get-package-type 44ms (cache miss)
968 silly packumentCache full:https://registry.npmmirror.com/get-package-type set size:1565 disposed:false
969 silly placeDep ROOT camelcase@5.3.1 OK for: @istanbuljs/load-nyc-config@1.1.0 want: ^5.3.1
970 silly placeDep ROOT find-up@4.1.0 OK for: @istanbuljs/load-nyc-config@1.1.0 want: ^4.1.0
971 silly placeDep ROOT get-package-type@0.1.0 OK for: @istanbuljs/load-nyc-config@1.1.0 want: ^0.1.0
972 silly placeDep ROOT js-yaml@3.14.2 OK for: @istanbuljs/load-nyc-config@1.1.0 want: ^3.13.1
973 silly placeDep ROOT resolve-from@5.0.0 OK for: @istanbuljs/load-nyc-config@1.1.0 want: ^5.0.0
974 silly fetch manifest locate-path@^5.0.0
975 silly packumentCache full:https://registry.npmmirror.com/locate-path cache-miss
976 silly fetch manifest path-exists@^4.0.0
977 silly packumentCache full:https://registry.npmmirror.com/path-exists cache-miss
978 silly fetch manifest argparse@^1.0.7
979 silly packumentCache full:https://registry.npmmirror.com/argparse cache-miss
980 silly fetch manifest esprima@^4.0.0
981 silly packumentCache full:https://registry.npmmirror.com/esprima cache-miss
982 http fetch GET 200 https://registry.npmmirror.com/locate-path 21ms (cache miss)
983 silly packumentCache full:https://registry.npmmirror.com/locate-path set size:7506 disposed:false
984 http fetch GET 200 https://registry.npmmirror.com/path-exists 22ms (cache miss)
985 silly packumentCache full:https://registry.npmmirror.com/path-exists set size:3293 disposed:false
986 http fetch GET 200 https://registry.npmmirror.com/argparse 23ms (cache miss)
987 silly packumentCache full:https://registry.npmmirror.com/argparse set size:9450 disposed:false
988 http fetch GET 200 https://registry.npmmirror.com/esprima 30ms (cache miss)
989 silly packumentCache full:https://registry.npmmirror.com/esprima set size:16770 disposed:false
990 silly fetch manifest browserslist@>= 4.21.0
991 silly packumentCache full:https://registry.npmmirror.com/browserslist cache-hit
992 silly placeDep ROOT baseline-browser-mapping@2.9.11 OK for: browserslist@4.28.1 want: ^2.9.0
993 silly placeDep ROOT caniuse-lite@1.0.30001761 OK for: browserslist@4.28.1 want: ^1.0.30001759
994 silly placeDep ROOT electron-to-chromium@1.5.267 OK for: browserslist@4.28.1 want: ^1.5.263
995 silly placeDep ROOT node-releases@2.0.27 OK for: browserslist@4.28.1 want: ^2.0.27
996 silly placeDep ROOT update-browserslist-db@1.2.3 OK for: browserslist@4.28.1 want: ^1.2.0
997 silly fetch manifest escalade@^3.2.0
998 silly packumentCache full:https://registry.npmmirror.com/escalade cache-miss
999 http fetch GET 200 https://registry.npmmirror.com/escalade 22ms (cache miss)
1000 silly packumentCache full:https://registry.npmmirror.com/escalade set size:6820 disposed:false
1001 silly placeDep ROOT ms@2.1.3 OK for: debug@4.4.3 want: ^2.1.3
1002 silly placeDep ROOT locate-path@5.0.0 OK for: find-up@4.1.0 want: ^5.0.0
1003 silly placeDep ROOT path-exists@4.0.0 OK for: find-up@4.1.0 want: ^4.0.0
1004 silly fetch manifest p-locate@^4.1.0
1005 silly packumentCache full:https://registry.npmmirror.com/p-locate cache-miss
1006 http fetch GET 200 https://registry.npmmirror.com/p-locate 35ms (cache miss)
1007 silly packumentCache full:https://registry.npmmirror.com/p-locate set size:4265 disposed:false
1008 silly placeDep ROOT fs.realpath@1.0.0 OK for: glob@7.2.3 want: ^1.0.0
1009 silly placeDep ROOT inflight@1.0.6 OK for: glob@7.2.3 want: ^1.0.4
1010 silly placeDep ROOT inherits@2.0.4 OK for: glob@7.2.3 want: 2
1011 silly placeDep ROOT minimatch@3.1.2 OK for: glob@7.2.3 want: ^3.1.1
1012 silly placeDep ROOT once@1.4.0 OK for: glob@7.2.3 want: ^1.3.0
1013 silly placeDep ROOT path-is-absolute@1.0.1 OK for: glob@7.2.3 want: ^1.0.0
1014 silly fetch manifest wrappy@1
1015 silly packumentCache full:https://registry.npmmirror.com/wrappy cache-miss
1016 silly fetch manifest brace-expansion@^1.1.7
1017 silly packumentCache full:https://registry.npmmirror.com/brace-expansion cache-miss
1018 silly fetch manifest wrappy@1
1019 silly packumentCache full:https://registry.npmmirror.com/wrappy cache-miss
1020 http fetch GET 200 https://registry.npmmirror.com/brace-expansion 24ms (cache miss)
1021 silly packumentCache full:https://registry.npmmirror.com/brace-expansion set size:10160 disposed:false
1022 http fetch GET 200 https://registry.npmmirror.com/wrappy 33ms (cache miss)
1023 silly packumentCache full:https://registry.npmmirror.com/wrappy set size:2201 disposed:false
1024 http fetch GET 200 https://registry.npmmirror.com/wrappy 33ms (cache miss)
1025 silly packumentCache full:https://registry.npmmirror.com/wrappy set size:2201 disposed:false
1026 silly packumentCache full:https://registry.npmmirror.com/wrappy dispose
1027 silly placeDep ROOT pkg-dir@4.2.0 OK for: import-local@3.2.0 want: ^4.2.0
1028 silly placeDep ROOT resolve-cwd@3.0.0 OK for: import-local@3.2.0 want: ^3.0.0
1029 silly placeDep ROOT wrappy@1.0.2 OK for: inflight@1.0.6 want: 1
1030 silly placeDep node_modules/istanbul-lib-instrument semver@7.7.3 OK for: istanbul-lib-instrument@6.0.3 want: ^7.5.4
1031 silly placeDep ROOT make-dir@4.0.0 OK for: istanbul-lib-report@3.0.1 want: ^4.0.0
1032 silly placeDep ROOT source-map@0.6.1 OK for: istanbul-lib-source-maps@4.0.1 want: ^0.6.1
1033 silly placeDep ROOT html-escaper@2.0.2 OK for: istanbul-reports@3.2.0 want: ^2.0.0
1034 silly placeDep ROOT execa@5.1.1 OK for: jest-changed-files@29.7.0 want: ^5.0.0
1035 silly placeDep ROOT p-limit@3.1.0 OK for: jest-changed-files@29.7.0 want: ^3.1.0
1036 silly fetch manifest cross-spawn@^7.0.3
1037 silly packumentCache full:https://registry.npmmirror.com/cross-spawn cache-miss
1038 silly fetch manifest get-stream@^6.0.0
1039 silly packumentCache full:https://registry.npmmirror.com/get-stream cache-miss
1040 silly fetch manifest human-signals@^2.1.0
1041 silly packumentCache full:https://registry.npmmirror.com/human-signals cache-miss
1042 silly fetch manifest is-stream@^2.0.0
1043 silly packumentCache full:https://registry.npmmirror.com/is-stream cache-miss
1044 silly fetch manifest npm-run-path@^4.0.1
1045 silly packumentCache full:https://registry.npmmirror.com/npm-run-path cache-miss
1046 silly fetch manifest onetime@^5.1.2
1047 silly packumentCache full:https://registry.npmmirror.com/onetime cache-miss
1048 silly fetch manifest signal-exit@^3.0.3
1049 silly packumentCache full:https://registry.npmmirror.com/signal-exit cache-hit
1050 silly fetch manifest strip-final-newline@^2.0.0
1051 silly packumentCache full:https://registry.npmmirror.com/strip-final-newline cache-miss
1052 silly fetch manifest yocto-queue@^0.1.0
1053 silly packumentCache full:https://registry.npmmirror.com/yocto-queue cache-miss
1054 http fetch GET 200 https://registry.npmmirror.com/strip-final-newline 23ms (cache miss)
1055 silly packumentCache full:https://registry.npmmirror.com/strip-final-newline set size:2568 disposed:false
1056 http fetch GET 200 https://registry.npmmirror.com/cross-spawn 25ms (cache miss)
1057 silly packumentCache full:https://registry.npmmirror.com/cross-spawn set size:19398 disposed:false
1058 http fetch GET 200 https://registry.npmmirror.com/human-signals 26ms (cache miss)
1059 silly packumentCache full:https://registry.npmmirror.com/human-signals set size:12531 disposed:false
1060 http fetch GET 200 https://registry.npmmirror.com/yocto-queue 27ms (cache miss)
1061 silly packumentCache full:https://registry.npmmirror.com/yocto-queue set size:4829 disposed:false
1062 http fetch GET 200 https://registry.npmmirror.com/onetime 28ms (cache miss)
1063 silly packumentCache full:https://registry.npmmirror.com/onetime set size:5554 disposed:false
1064 http fetch GET 200 https://registry.npmmirror.com/npm-run-path 36ms (cache miss)
1065 silly packumentCache full:https://registry.npmmirror.com/npm-run-path set size:7005 disposed:false
1066 http fetch GET 200 https://registry.npmmirror.com/get-stream 40ms (cache miss)
1067 silly packumentCache full:https://registry.npmmirror.com/get-stream set size:11935 disposed:false
1068 http fetch GET 200 https://registry.npmmirror.com/is-stream 46ms (cache miss)
1069 silly packumentCache full:https://registry.npmmirror.com/is-stream set size:4048 disposed:false
1070 silly placeDep ROOT cross-spawn@7.0.6 OK for: execa@5.1.1 want: ^7.0.3
1071 silly placeDep ROOT get-stream@6.0.1 OK for: execa@5.1.1 want: ^6.0.0
1072 silly placeDep ROOT human-signals@2.1.0 OK for: execa@5.1.1 want: ^2.1.0
1073 silly placeDep ROOT is-stream@2.0.1 OK for: execa@5.1.1 want: ^2.0.0
1074 silly placeDep ROOT merge-stream@2.0.0 OK for: execa@5.1.1 want: ^2.0.0
1075 silly placeDep ROOT npm-run-path@4.0.1 OK for: execa@5.1.1 want: ^4.0.1
1076 silly placeDep ROOT onetime@5.1.2 OK for: execa@5.1.1 want: ^5.1.2
1077 silly placeDep ROOT signal-exit@3.0.7 OK for: execa@5.1.1 want: ^3.0.3
1078 silly placeDep ROOT strip-final-newline@2.0.0 OK for: execa@5.1.1 want: ^2.0.0
1079 silly fetch manifest path-key@^3.1.0
1080 silly packumentCache full:https://registry.npmmirror.com/path-key cache-miss
1081 silly fetch manifest shebang-command@^2.0.0
1082 silly packumentCache full:https://registry.npmmirror.com/shebang-command cache-miss
1083 silly fetch manifest which@^2.0.1
1084 silly packumentCache full:https://registry.npmmirror.com/which cache-miss
1085 silly fetch manifest path-key@^3.0.0
1086 silly packumentCache full:https://registry.npmmirror.com/path-key cache-miss
1087 silly fetch manifest mimic-fn@^2.1.0
1088 silly packumentCache full:https://registry.npmmirror.com/mimic-fn cache-miss
1089 http fetch GET 200 https://registry.npmmirror.com/shebang-command 21ms (cache miss)
1090 silly packumentCache full:https://registry.npmmirror.com/shebang-command set size:2106 disposed:false
1091 http fetch GET 200 https://registry.npmmirror.com/path-key 20ms (cache miss)
1092 silly packumentCache full:https://registry.npmmirror.com/path-key set size:3439 disposed:false
1093 http fetch GET 200 https://registry.npmmirror.com/path-key 23ms (cache miss)
1094 silly packumentCache full:https://registry.npmmirror.com/path-key set size:3439 disposed:false
1095 silly packumentCache full:https://registry.npmmirror.com/path-key dispose
1096 http fetch GET 200 https://registry.npmmirror.com/which 33ms (cache miss)
1097 silly packumentCache full:https://registry.npmmirror.com/which set size:13981 disposed:false
1098 http fetch GET 200 https://registry.npmmirror.com/mimic-fn 38ms (cache miss)
1099 silly packumentCache full:https://registry.npmmirror.com/mimic-fn set size:4665 disposed:false
1100 silly placeDep ROOT path-key@3.1.1 OK for: cross-spawn@7.0.6 want: ^3.1.0
1101 silly placeDep ROOT shebang-command@2.0.0 OK for: cross-spawn@7.0.6 want: ^2.0.0
1102 silly placeDep ROOT which@2.0.2 OK for: cross-spawn@7.0.6 want: ^2.0.1
1103 silly fetch manifest shebang-regex@^3.0.0
1104 silly packumentCache full:https://registry.npmmirror.com/shebang-regex cache-miss
1105 silly fetch manifest isexe@^2.0.0
1106 silly packumentCache full:https://registry.npmmirror.com/isexe cache-miss
1107 http fetch GET 200 https://registry.npmmirror.com/isexe 30ms (cache miss)
1108 silly packumentCache full:https://registry.npmmirror.com/isexe set size:4993 disposed:false
1109 http fetch GET 200 https://registry.npmmirror.com/shebang-regex 37ms (cache miss)
1110 silly packumentCache full:https://registry.npmmirror.com/shebang-regex set size:2417 disposed:false
1111 silly placeDep ROOT create-jest@29.7.0 OK for: jest-cli@29.7.0 want: ^29.7.0
1112 silly placeDep ROOT yargs@17.7.2 OK for: jest-cli@29.7.0 want: ^17.3.1
1113 silly fetch manifest prompts@^2.0.1
1114 silly packumentCache full:https://registry.npmmirror.com/prompts cache-miss
1115 silly fetch manifest cliui@^8.0.1
1116 silly packumentCache full:https://registry.npmmirror.com/cliui cache-miss
1117 silly fetch manifest escalade@^3.1.1
1118 silly packumentCache full:https://registry.npmmirror.com/escalade cache-hit
1119 silly fetch manifest get-caller-file@^2.0.5
1120 silly packumentCache full:https://registry.npmmirror.com/get-caller-file cache-miss
1121 silly fetch manifest require-directory@^2.1.1
1122 silly packumentCache full:https://registry.npmmirror.com/require-directory cache-miss
1123 silly fetch manifest string-width@^4.2.3
1124 silly packumentCache full:https://registry.npmmirror.com/string-width cache-miss
1125 silly fetch manifest y18n@^5.0.5
1126 silly packumentCache full:https://registry.npmmirror.com/y18n cache-miss
1127 silly fetch manifest yargs-parser@^21.1.1
1128 silly packumentCache full:https://registry.npmmirror.com/yargs-parser cache-miss
1129 http fetch GET 200 https://registry.npmmirror.com/get-caller-file 23ms (cache miss)
1130 silly packumentCache full:https://registry.npmmirror.com/get-caller-file set size:3962 disposed:false
1131 http fetch GET 200 https://registry.npmmirror.com/prompts 25ms (cache miss)
1132 silly packumentCache full:https://registry.npmmirror.com/prompts set size:18712 disposed:false
1133 http fetch GET 200 https://registry.npmmirror.com/y18n 25ms (cache miss)
1134 silly packumentCache full:https://registry.npmmirror.com/y18n set size:9331 disposed:false
1135 http fetch GET 200 https://registry.npmmirror.com/require-directory 26ms (cache miss)
1136 silly packumentCache full:https://registry.npmmirror.com/require-directory set size:5300 disposed:false
1137 http fetch GET 200 https://registry.npmmirror.com/cliui 26ms (cache miss)
1138 silly packumentCache full:https://registry.npmmirror.com/cliui set size:13583 disposed:false
1139 http fetch GET 200 https://registry.npmmirror.com/yargs-parser 30ms (cache miss)
1140 silly packumentCache full:https://registry.npmmirror.com/yargs-parser set size:34839 disposed:false
1141 http fetch GET 200 https://registry.npmmirror.com/string-width 46ms (cache miss)
1142 silly packumentCache full:https://registry.npmmirror.com/string-width set size:12349 disposed:false
1143 silly placeDep ROOT prompts@2.4.2 OK for: create-jest@29.7.0 want: ^2.0.1
1144 silly fetch manifest kleur@^3.0.3
1145 silly packumentCache full:https://registry.npmmirror.com/kleur cache-miss
1146 silly fetch manifest sisteransi@^1.0.5
1147 silly packumentCache full:https://registry.npmmirror.com/sisteransi cache-miss
1148 http fetch GET 200 https://registry.npmmirror.com/sisteransi 43ms (cache miss)
1149 silly packumentCache full:https://registry.npmmirror.com/sisteransi set size:3997 disposed:false
1150 http fetch GET 200 https://registry.npmmirror.com/kleur 84ms (cache miss)
1151 silly packumentCache full:https://registry.npmmirror.com/kleur set size:10711 disposed:false
1152 silly placeDep ROOT @jest/test-sequencer@29.7.0 OK for: jest-config@29.7.0 want: ^29.7.0
1153 silly placeDep ROOT babel-jest@29.7.0 OK for: jest-config@29.7.0 want: ^29.7.0
1154 silly placeDep ROOT deepmerge@4.3.1 OK for: jest-config@29.7.0 want: ^4.2.2
1155 silly placeDep ROOT jest-circus@29.7.0 OK for: jest-config@29.7.0 want: ^29.7.0
1156 silly placeDep ROOT jest-environment-node@29.7.0 OK for: jest-config@29.7.0 want: ^29.7.0
1157 silly placeDep ROOT parse-json@5.2.0 OK for: jest-config@29.7.0 want: ^5.2.0
1158 silly placeDep ROOT strip-json-comments@3.1.1 OK for: jest-config@29.7.0 want: ^3.1.1
1159 silly fetch manifest @types/babel__core@^7.1.14
1160 silly packumentCache full:https://registry.npmmirror.com/@types%2fbabel__core cache-miss
1161 silly fetch manifest babel-preset-jest@^29.6.3
1162 silly packumentCache full:https://registry.npmmirror.com/babel-preset-jest cache-miss
1163 silly fetch manifest co@^4.6.0
1164 silly packumentCache full:https://registry.npmmirror.com/co cache-miss
1165 silly fetch manifest dedent@^1.0.0
1166 silly packumentCache full:https://registry.npmmirror.com/dedent cache-miss
1167 silly fetch manifest is-generator-fn@^2.0.0
1168 silly packumentCache full:https://registry.npmmirror.com/is-generator-fn cache-miss
1169 silly fetch manifest jest-each@^29.7.0
1170 silly packumentCache full:https://registry.npmmirror.com/jest-each cache-miss
1171 silly fetch manifest error-ex@^1.3.1
1172 silly packumentCache full:https://registry.npmmirror.com/error-ex cache-miss
1173 silly fetch manifest json-parse-even-better-errors@^2.3.0
1174 silly packumentCache full:https://registry.npmmirror.com/json-parse-even-better-errors cache-miss
1175 silly fetch manifest lines-and-columns@^1.1.6
1176 silly packumentCache full:https://registry.npmmirror.com/lines-and-columns cache-miss
1177 http fetch GET 200 https://registry.npmmirror.com/@types%2fbabel__core 22ms (cache miss)
1178 silly packumentCache full:https://registry.npmmirror.com/@types%2fbabel__core set size:14948 disposed:false
1179 http fetch GET 200 https://registry.npmmirror.com/lines-and-columns 25ms (cache miss)
1180 silly packumentCache full:https://registry.npmmirror.com/lines-and-columns set size:17877 disposed:false
1181 http fetch GET 200 https://registry.npmmirror.com/error-ex 37ms (cache miss)
1182 silly packumentCache full:https://registry.npmmirror.com/error-ex set size:6692 disposed:false
1183 http fetch GET 200 https://registry.npmmirror.com/json-parse-even-better-errors 44ms (cache miss)
1184 silly packumentCache full:https://registry.npmmirror.com/json-parse-even-better-errors set size:7660 disposed:false
1185 http fetch GET 200 https://registry.npmmirror.com/babel-preset-jest 45ms (cache miss)
1186 silly packumentCache full:https://registry.npmmirror.com/babel-preset-jest set size:66652 disposed:false
1187 http fetch GET 200 https://registry.npmmirror.com/dedent 48ms (cache miss)
1188 silly packumentCache full:https://registry.npmmirror.com/dedent set size:14612 disposed:false
1189 http fetch GET 200 https://registry.npmmirror.com/is-generator-fn 49ms (cache miss)
1190 silly packumentCache full:https://registry.npmmirror.com/is-generator-fn set size:2208 disposed:false
1191 http fetch GET 200 https://registry.npmmirror.com/co 53ms (cache miss)
1192 silly packumentCache full:https://registry.npmmirror.com/co set size:10605 disposed:false
1193 http fetch GET 200 https://registry.npmmirror.com/jest-each 53ms (cache miss)
1194 silly packumentCache full:https://registry.npmmirror.com/jest-each set size:77977 disposed:false
1195 silly fetch manifest @babel/core@^7.8.0
1196 silly packumentCache full:https://registry.npmmirror.com/@babel%2fcore cache-hit
1197 silly placeDep ROOT @types/babel__core@7.20.5 OK for: babel-jest@29.7.0 want: ^7.1.14
1198 silly placeDep ROOT babel-preset-jest@29.6.3 OK for: babel-jest@29.7.0 want: ^29.6.3
1199 silly fetch manifest @types/babel__generator@*
1200 silly packumentCache full:https://registry.npmmirror.com/@types%2fbabel__generator cache-miss
1201 silly fetch manifest @types/babel__template@*
1202 silly packumentCache full:https://registry.npmmirror.com/@types%2fbabel__template cache-miss
1203 silly fetch manifest @types/babel__traverse@*
1204 silly packumentCache full:https://registry.npmmirror.com/@types%2fbabel__traverse cache-miss
1205 silly fetch manifest babel-plugin-jest-hoist@^29.6.3
1206 silly packumentCache full:https://registry.npmmirror.com/babel-plugin-jest-hoist cache-miss
1207 http fetch GET 200 https://registry.npmmirror.com/@types%2fbabel__template 21ms (cache miss)
1208 silly packumentCache full:https://registry.npmmirror.com/@types%2fbabel__template set size:4175 disposed:false
1209 http fetch GET 200 https://registry.npmmirror.com/@types%2fbabel__generator 22ms (cache miss)
1210 silly packumentCache full:https://registry.npmmirror.com/@types%2fbabel__generator set size:6271 disposed:false
1211 http fetch GET 200 https://registry.npmmirror.com/@types%2fbabel__traverse 23ms (cache miss)
1212 silly packumentCache full:https://registry.npmmirror.com/@types%2fbabel__traverse set size:19838 disposed:false
1213 http fetch GET 200 https://registry.npmmirror.com/babel-plugin-jest-hoist 43ms (cache miss)
1214 silly packumentCache full:https://registry.npmmirror.com/babel-plugin-jest-hoist set size:70024 disposed:false
1215 silly placeDep ROOT @types/babel__generator@7.27.0 OK for: @types/babel__core@7.20.5 want: *
1216 silly placeDep ROOT @types/babel__template@7.4.4 OK for: @types/babel__core@7.20.5 want: *
1217 silly placeDep ROOT @types/babel__traverse@7.28.0 OK for: @types/babel__core@7.20.5 want: *
1218 silly placeDep ROOT babel-plugin-jest-hoist@29.6.3 OK for: babel-preset-jest@29.6.3 want: ^29.6.3
1219 silly placeDep ROOT babel-preset-current-node-syntax@1.2.0 OK for: babel-preset-jest@29.6.3 want: ^1.0.0
1220 silly fetch manifest @babel/plugin-syntax-async-generators@^7.8.4
1221 silly packumentCache full:https://registry.npmmirror.com/@babel%2fplugin-syntax-async-generators cache-miss
1222 silly fetch manifest @babel/plugin-syntax-bigint@^7.8.3
1223 silly packumentCache full:https://registry.npmmirror.com/@babel%2fplugin-syntax-bigint cache-miss
1224 silly fetch manifest @babel/plugin-syntax-class-properties@^7.12.13
1225 silly packumentCache full:https://registry.npmmirror.com/@babel%2fplugin-syntax-class-properties cache-miss
1226 silly fetch manifest @babel/plugin-syntax-class-static-block@^7.14.5
1227 silly packumentCache full:https://registry.npmmirror.com/@babel%2fplugin-syntax-class-static-block cache-miss
1228 silly fetch manifest @babel/plugin-syntax-import-attributes@^7.24.7
1229 silly packumentCache full:https://registry.npmmirror.com/@babel%2fplugin-syntax-import-attributes cache-miss
1230 silly fetch manifest @babel/plugin-syntax-import-meta@^7.10.4
1231 silly packumentCache full:https://registry.npmmirror.com/@babel%2fplugin-syntax-import-meta cache-miss
1232 silly fetch manifest @babel/plugin-syntax-json-strings@^7.8.3
1233 silly packumentCache full:https://registry.npmmirror.com/@babel%2fplugin-syntax-json-strings cache-miss
1234 silly fetch manifest @babel/plugin-syntax-logical-assignment-operators@^7.10.4
1235 silly packumentCache full:https://registry.npmmirror.com/@babel%2fplugin-syntax-logical-assignment-operators cache-miss
1236 silly fetch manifest @babel/plugin-syntax-nullish-coalescing-operator@^7.8.3
1237 silly packumentCache full:https://registry.npmmirror.com/@babel%2fplugin-syntax-nullish-coalescing-operator cache-miss
1238 silly fetch manifest @babel/plugin-syntax-numeric-separator@^7.10.4
1239 silly packumentCache full:https://registry.npmmirror.com/@babel%2fplugin-syntax-numeric-separator cache-miss
1240 silly fetch manifest @babel/plugin-syntax-object-rest-spread@^7.8.3
1241 silly packumentCache full:https://registry.npmmirror.com/@babel%2fplugin-syntax-object-rest-spread cache-miss
1242 silly fetch manifest @babel/plugin-syntax-optional-catch-binding@^7.8.3
1243 silly packumentCache full:https://registry.npmmirror.com/@babel%2fplugin-syntax-optional-catch-binding cache-miss
1244 silly fetch manifest @babel/plugin-syntax-optional-chaining@^7.8.3
1245 silly packumentCache full:https://registry.npmmirror.com/@babel%2fplugin-syntax-optional-chaining cache-miss
1246 silly fetch manifest @babel/plugin-syntax-private-property-in-object@^7.14.5
1247 silly packumentCache full:https://registry.npmmirror.com/@babel%2fplugin-syntax-private-property-in-object cache-miss
1248 silly fetch manifest @babel/plugin-syntax-top-level-await@^7.14.5
1249 silly packumentCache full:https://registry.npmmirror.com/@babel%2fplugin-syntax-top-level-await cache-miss
1250 http fetch GET 200 https://registry.npmmirror.com/@babel%2fplugin-syntax-async-generators 35ms (cache miss)
1251 silly packumentCache full:https://registry.npmmirror.com/@babel%2fplugin-syntax-async-generators set size:10506 disposed:false
1252 http fetch GET 200 https://registry.npmmirror.com/@babel%2fplugin-syntax-import-attributes 38ms (cache miss)
1253 silly packumentCache full:https://registry.npmmirror.com/@babel%2fplugin-syntax-import-attributes set size:12532 disposed:false
1254 http fetch GET 200 https://registry.npmmirror.com/@babel%2fplugin-syntax-class-static-block 40ms (cache miss)
1255 silly packumentCache full:https://registry.npmmirror.com/@babel%2fplugin-syntax-class-static-block set size:1747 disposed:false
1256 http fetch GET 200 https://registry.npmmirror.com/@babel%2fplugin-syntax-class-properties 45ms (cache miss)
1257 silly packumentCache full:https://registry.npmmirror.com/@babel%2fplugin-syntax-class-properties set size:11717 disposed:false
1258 http fetch GET 200 https://registry.npmmirror.com/@babel%2fplugin-syntax-import-meta 45ms (cache miss)
1259 silly packumentCache full:https://registry.npmmirror.com/@babel%2fplugin-syntax-import-meta set size:9689 disposed:false
1260 http fetch GET 200 https://registry.npmmirror.com/@babel%2fplugin-syntax-logical-assignment-operators 45ms (cache miss)
1261 silly packumentCache full:https://registry.npmmirror.com/@babel%2fplugin-syntax-logical-assignment-operators set size:8600 disposed:false
1262 http fetch GET 200 https://registry.npmmirror.com/@babel%2fplugin-syntax-optional-chaining 52ms (cache miss)
1263 silly packumentCache full:https://registry.npmmirror.com/@babel%2fplugin-syntax-optional-chaining set size:10462 disposed:false
1264 http fetch GET 200 https://registry.npmmirror.com/@babel%2fplugin-syntax-top-level-await 52ms (cache miss)
1265 silly packumentCache full:https://registry.npmmirror.com/@babel%2fplugin-syntax-top-level-await set size:3419 disposed:false
1266 http fetch GET 200 https://registry.npmmirror.com/@babel%2fplugin-syntax-json-strings 54ms (cache miss)
1267 silly packumentCache full:https://registry.npmmirror.com/@babel%2fplugin-syntax-json-strings set size:6251 disposed:false
1268 http fetch GET 200 https://registry.npmmirror.com/@babel%2fplugin-syntax-optional-catch-binding 56ms (cache miss)
1269 silly packumentCache full:https://registry.npmmirror.com/@babel%2fplugin-syntax-optional-catch-binding set size:10533 disposed:false
1270 http fetch GET 200 https://registry.npmmirror.com/@babel%2fplugin-syntax-nullish-coalescing-operator 58ms (cache miss)
1271 silly packumentCache full:https://registry.npmmirror.com/@babel%2fplugin-syntax-nullish-coalescing-operator set size:10498 disposed:false
1272 http fetch GET 200 https://registry.npmmirror.com/@babel%2fplugin-syntax-bigint 60ms (cache miss)
1273 silly packumentCache full:https://registry.npmmirror.com/@babel%2fplugin-syntax-bigint set size:6904 disposed:false
1274 http fetch GET 200 https://registry.npmmirror.com/@babel%2fplugin-syntax-numeric-separator 60ms (cache miss)
1275 silly packumentCache full:https://registry.npmmirror.com/@babel%2fplugin-syntax-numeric-separator set size:11268 disposed:false
1276 http fetch GET 200 https://registry.npmmirror.com/@babel%2fplugin-syntax-object-rest-spread 60ms (cache miss)
1277 silly packumentCache full:https://registry.npmmirror.com/@babel%2fplugin-syntax-object-rest-spread set size:10481 disposed:false
1278 http fetch GET 200 https://registry.npmmirror.com/@babel%2fplugin-syntax-private-property-in-object 60ms (cache miss)
1279 silly packumentCache full:https://registry.npmmirror.com/@babel%2fplugin-syntax-private-property-in-object set size:1315 disposed:false
1280 silly fetch manifest @babel/core@^7.0.0 || ^8.0.0-0
1281 silly packumentCache full:https://registry.npmmirror.com/@babel%2fcore cache-hit
1282 silly placeDep ROOT @babel/plugin-syntax-async-generators@7.8.4 OK for: babel-preset-current-node-syntax@1.2.0 want: ^7.8.4
1283 silly placeDep ROOT @babel/plugin-syntax-bigint@7.8.3 OK for: babel-preset-current-node-syntax@1.2.0 want: ^7.8.3
1284 silly placeDep ROOT @babel/plugin-syntax-class-properties@7.12.13 OK for: babel-preset-current-node-syntax@1.2.0 want: ^7.12.13
1285 silly placeDep ROOT @babel/plugin-syntax-class-static-block@7.14.5 OK for: babel-preset-current-node-syntax@1.2.0 want: ^7.14.5
1286 silly placeDep ROOT @babel/plugin-syntax-import-attributes@7.27.1 OK for: babel-preset-current-node-syntax@1.2.0 want: ^7.24.7
1287 silly placeDep ROOT @babel/plugin-syntax-import-meta@7.10.4 OK for: babel-preset-current-node-syntax@1.2.0 want: ^7.10.4
1288 silly placeDep ROOT @babel/plugin-syntax-json-strings@7.8.3 OK for: babel-preset-current-node-syntax@1.2.0 want: ^7.8.3
1289 silly placeDep ROOT @babel/plugin-syntax-logical-assignment-operators@7.10.4 OK for: babel-preset-current-node-syntax@1.2.0 want: ^7.10.4
1290 silly placeDep ROOT @babel/plugin-syntax-nullish-coalescing-operator@7.8.3 OK for: babel-preset-current-node-syntax@1.2.0 want: ^7.8.3
1291 silly placeDep ROOT @babel/plugin-syntax-numeric-separator@7.10.4 OK for: babel-preset-current-node-syntax@1.2.0 want: ^7.10.4
1292 silly placeDep ROOT @babel/plugin-syntax-object-rest-spread@7.8.3 OK for: babel-preset-current-node-syntax@1.2.0 want: ^7.8.3
1293 silly placeDep ROOT @babel/plugin-syntax-optional-catch-binding@7.8.3 OK for: babel-preset-current-node-syntax@1.2.0 want: ^7.8.3
1294 silly placeDep ROOT @babel/plugin-syntax-optional-chaining@7.8.3 OK for: babel-preset-current-node-syntax@1.2.0 want: ^7.8.3
1295 silly placeDep ROOT @babel/plugin-syntax-private-property-in-object@7.14.5 OK for: babel-preset-current-node-syntax@1.2.0 want: ^7.14.5
1296 silly placeDep ROOT @babel/plugin-syntax-top-level-await@7.14.5 OK for: babel-preset-current-node-syntax@1.2.0 want: ^7.14.5
1297 silly fetch manifest babel-plugin-macros@^3.1.0
1298 silly packumentCache full:https://registry.npmmirror.com/babel-plugin-macros cache-miss
1299 http fetch GET 200 https://registry.npmmirror.com/babel-plugin-macros 50ms (cache miss)
1300 silly packumentCache full:https://registry.npmmirror.com/babel-plugin-macros set size:20021 disposed:false
1301 silly placeDep ROOT co@4.6.0 OK for: jest-circus@29.7.0 want: ^4.6.0
1302 silly placeDep ROOT dedent@1.7.1 OK for: jest-circus@29.7.0 want: ^1.0.0
1303 silly placeDep ROOT is-generator-fn@2.1.0 OK for: jest-circus@29.7.0 want: ^2.0.0
1304 silly placeDep ROOT jest-each@29.7.0 OK for: jest-circus@29.7.0 want: ^29.7.0
1305 silly placeDep ROOT stack-utils@2.0.6 OK for: jest-circus@29.7.0 want: ^2.0.3
1306 silly fetch manifest escape-string-regexp@^2.0.0
1307 silly packumentCache full:https://registry.npmmirror.com/escape-string-regexp cache-miss
1308 http fetch GET 200 https://registry.npmmirror.com/escape-string-regexp 17ms (cache miss)
1309 silly packumentCache full:https://registry.npmmirror.com/escape-string-regexp set size:4070 disposed:false
1310 silly placeDep ROOT @types/graceful-fs@4.1.9 OK for: jest-haste-map@29.7.0 want: ^4.1.3
1311 silly placeDep ROOT anymatch@3.1.3 OK for: jest-haste-map@29.7.0 want: ^3.0.3
1312 silly placeDep ROOT fb-watchman@2.0.2 OK for: jest-haste-map@29.7.0 want: ^2.0.0
1313 silly placeDep ROOT fsevents@2.3.3 OK for: jest-haste-map@29.7.0 want: ^2.3.2
1314 silly placeDep ROOT walker@1.0.8 OK for: jest-haste-map@29.7.0 want: ^1.0.8
1315 silly fetch manifest normalize-path@^3.0.0
1316 silly packumentCache full:https://registry.npmmirror.com/normalize-path cache-miss
1317 silly fetch manifest picomatch@^2.0.4
1318 silly packumentCache full:https://registry.npmmirror.com/picomatch cache-hit
1319 silly fetch manifest bser@2.1.1
1320 silly packumentCache full:https://registry.npmmirror.com/bser cache-miss
1321 silly fetch manifest makeerror@1.0.12
1322 silly packumentCache full:https://registry.npmmirror.com/makeerror cache-miss
1323 http fetch GET 200 https://registry.npmmirror.com/bser 48ms (cache miss)
1324 silly packumentCache full:https://registry.npmmirror.com/bser set size:3275 disposed:false
1325 http fetch GET 200 https://registry.npmmirror.com/normalize-path 60ms (cache miss)
1326 silly packumentCache full:https://registry.npmmirror.com/normalize-path set size:6181 disposed:false
1327 http fetch GET 200 https://registry.npmmirror.com/makeerror 61ms (cache miss)
1328 silly packumentCache full:https://registry.npmmirror.com/makeerror set size:3862 disposed:false
1329 silly placeDep ROOT normalize-path@3.0.0 OK for: anymatch@3.1.3 want: ^3.0.0
1330 silly placeDep ROOT picomatch@2.3.1 OK for: anymatch@3.1.3 want: ^2.0.4
1331 silly placeDep ROOT bser@2.1.1 OK for: fb-watchman@2.0.2 want: 2.1.1
1332 silly fetch manifest node-int64@^0.4.0
1333 silly packumentCache full:https://registry.npmmirror.com/node-int64 cache-miss
1334 http fetch GET 200 https://registry.npmmirror.com/node-int64 77ms (cache miss)
1335 silly packumentCache full:https://registry.npmmirror.com/node-int64 set size:3547 disposed:false
1336 silly placeDep ROOT node-int64@0.4.0 OK for: bser@2.1.1 want: ^0.4.0
1337 silly placeDep ROOT jest-diff@29.7.0 OK for: jest-matcher-utils@29.7.0 want: ^29.7.0
1338 silly fetch manifest diff-sequences@^29.6.3
1339 silly packumentCache full:https://registry.npmmirror.com/diff-sequences cache-miss
1340 http fetch GET 200 https://registry.npmmirror.com/diff-sequences 34ms (cache miss)
1341 silly packumentCache full:https://registry.npmmirror.com/diff-sequences set size:38979 disposed:false
1342 silly placeDep ROOT diff-sequences@29.6.3 OK for: jest-diff@29.7.0 want: ^29.6.3
1343 silly placeDep ROOT @types/stack-utils@2.0.3 OK for: jest-message-util@29.7.0 want: ^2.0.0
1344 silly fetch manifest jest-resolve@*
1345 silly packumentCache full:https://registry.npmmirror.com/jest-resolve cache-hit
1346 silly placeDep ROOT jest-pnp-resolver@1.2.3 OK for: jest-resolve@29.7.0 want: ^1.2.2
1347 silly placeDep ROOT resolve@1.22.11 OK for: jest-resolve@29.7.0 want: ^1.20.0
1348 silly placeDep ROOT resolve.exports@2.0.3 OK for: jest-resolve@29.7.0 want: ^2.0.0
1349 silly fetch manifest is-core-module@^2.16.1
1350 silly packumentCache full:https://registry.npmmirror.com/is-core-module cache-miss
1351 silly fetch manifest path-parse@^1.0.7
1352 silly packumentCache full:https://registry.npmmirror.com/path-parse cache-miss
1353 silly fetch manifest supports-preserve-symlinks-flag@^1.0.0
1354 silly packumentCache full:https://registry.npmmirror.com/supports-preserve-symlinks-flag cache-miss
1355 http fetch GET 200 https://registry.npmmirror.com/path-parse 22ms (cache miss)
1356 silly packumentCache full:https://registry.npmmirror.com/path-parse set size:2940 disposed:false
1357 http fetch GET 200 https://registry.npmmirror.com/supports-preserve-symlinks-flag 25ms (cache miss)
1358 silly packumentCache full:https://registry.npmmirror.com/supports-preserve-symlinks-flag set size:2816 disposed:false
1359 http fetch GET 200 https://registry.npmmirror.com/is-core-module 33ms (cache miss)
1360 silly packumentCache full:https://registry.npmmirror.com/is-core-module set size:14031 disposed:false
1361 silly placeDep ROOT emittery@0.13.1 OK for: jest-runner@29.7.0 want: ^0.13.1
1362 silly placeDep ROOT jest-docblock@29.7.0 OK for: jest-runner@29.7.0 want: ^29.7.0
1363 silly placeDep ROOT jest-leak-detector@29.7.0 OK for: jest-runner@29.7.0 want: ^29.7.0
1364 silly placeDep ROOT source-map-support@0.5.13 OK for: jest-runner@29.7.0 want: 0.5.13
1365 silly fetch manifest detect-newline@^3.0.0
1366 silly packumentCache full:https://registry.npmmirror.com/detect-newline cache-miss
1367 silly fetch manifest buffer-from@^1.0.0
1368 silly packumentCache full:https://registry.npmmirror.com/buffer-from cache-miss
1369 http fetch GET 200 https://registry.npmmirror.com/buffer-from 36ms (cache miss)
1370 silly packumentCache full:https://registry.npmmirror.com/buffer-from set size:3455 disposed:false
1371 http fetch GET 200 https://registry.npmmirror.com/detect-newline 38ms (cache miss)
1372 silly packumentCache full:https://registry.npmmirror.com/detect-newline set size:4799 disposed:false
1373 silly placeDep ROOT detect-newline@3.1.0 OK for: jest-docblock@29.7.0 want: ^3.0.0
1374 silly placeDep ROOT @jest/source-map@29.6.3 OK for: jest-runtime@29.7.0 want: ^29.6.3
1375 silly placeDep ROOT cjs-module-lexer@1.4.3 OK for: jest-runtime@29.7.0 want: ^1.0.0
1376 silly placeDep ROOT strip-bom@4.0.0 OK for: jest-runtime@29.7.0 want: ^4.0.0
1377 silly fetch manifest callsites@^3.0.0
1378 silly packumentCache full:https://registry.npmmirror.com/callsites cache-miss
1379 http fetch GET 200 https://registry.npmmirror.com/callsites 34ms (cache miss)
1380 silly packumentCache full:https://registry.npmmirror.com/callsites set size:4788 disposed:false
1381 silly placeDep ROOT callsites@3.1.0 OK for: @jest/source-map@29.6.3 want: ^3.0.0
1382 silly placeDep ROOT @babel/plugin-syntax-jsx@7.27.1 OK for: jest-snapshot@29.7.0 want: ^7.7.2
1383 silly placeDep ROOT @babel/plugin-syntax-typescript@7.27.1 OK for: jest-snapshot@29.7.0 want: ^7.7.2
1384 silly placeDep ROOT natural-compare@1.4.0 OK for: jest-snapshot@29.7.0 want: ^1.4.0
1385 silly placeDep node_modules/jest-snapshot semver@7.7.3 OK for: jest-snapshot@29.7.0 want: ^7.5.3
1386 silly placeDep node_modules/jest-validate camelcase@6.3.0 OK for: jest-validate@29.7.0 want: ^6.2.0
1387 silly placeDep ROOT leven@3.1.0 OK for: jest-validate@29.7.0 want: ^3.1.0
1388 silly placeDep node_modules/jest-worker supports-color@8.1.1 OK for: jest-worker@29.7.0 want: ^8.0.0
1389 silly placeDep ROOT argparse@1.0.10 OK for: js-yaml@3.14.2 want: ^1.0.7
1390 silly placeDep ROOT esprima@4.0.1 OK for: js-yaml@3.14.2 want: ^4.0.0
1391 silly fetch manifest sprintf-js@~1.0.2
1392 silly packumentCache full:https://registry.npmmirror.com/sprintf-js cache-miss
1393 http fetch GET 200 https://registry.npmmirror.com/sprintf-js 40ms (cache miss)
1394 silly packumentCache full:https://registry.npmmirror.com/sprintf-js set size:6062 disposed:false
1395 silly placeDep ROOT sprintf-js@1.0.3 OK for: argparse@1.0.10 want: ~1.0.2
1396 silly placeDep ROOT p-locate@4.1.0 OK for: locate-path@5.0.0 want: ^4.1.0
1397 silly fetch manifest p-limit@^2.2.0
1398 silly packumentCache full:https://registry.npmmirror.com/p-limit cache-hit
1399 silly placeDep ROOT yallist@3.1.1 OK for: lru-cache@5.1.1 want: ^3.0.2
1400 silly placeDep node_modules/make-dir semver@7.7.3 OK for: make-dir@4.0.0 want: ^7.5.3
1401 silly placeDep ROOT braces@3.0.3 OK for: micromatch@4.0.8 want: ^3.0.3
1402 silly fetch manifest fill-range@^7.1.1
1403 silly packumentCache full:https://registry.npmmirror.com/fill-range cache-miss
1404 http fetch GET 200 https://registry.npmmirror.com/fill-range 40ms (cache miss)
1405 silly packumentCache full:https://registry.npmmirror.com/fill-range set size:14249 disposed:false
1406 silly placeDep ROOT fill-range@7.1.1 OK for: braces@3.0.3 want: ^7.1.1
1407 silly fetch manifest to-regex-range@^5.0.1
1408 silly packumentCache full:https://registry.npmmirror.com/to-regex-range cache-miss
1409 http fetch GET 200 https://registry.npmmirror.com/to-regex-range 31ms (cache miss)
1410 silly packumentCache full:https://registry.npmmirror.com/to-regex-range set size:11477 disposed:false
1411 silly placeDep ROOT to-regex-range@5.0.1 OK for: fill-range@7.1.1 want: ^5.0.1
1412 silly fetch manifest is-number@^7.0.0
1413 silly packumentCache full:https://registry.npmmirror.com/is-number cache-miss
1414 http fetch GET 200 https://registry.npmmirror.com/is-number 36ms (cache miss)
1415 silly packumentCache full:https://registry.npmmirror.com/is-number set size:7889 disposed:false
1416 silly placeDep ROOT brace-expansion@1.1.12 OK for: minimatch@3.1.2 want: ^1.1.7
1417 silly fetch manifest balanced-match@^1.0.0
1418 silly packumentCache full:https://registry.npmmirror.com/balanced-match cache-miss
1419 silly fetch manifest concat-map@0.0.1
1420 silly packumentCache full:https://registry.npmmirror.com/concat-map cache-miss
1421 http fetch GET 200 https://registry.npmmirror.com/concat-map 15ms (cache miss)
1422 silly packumentCache full:https://registry.npmmirror.com/concat-map set size:3991 disposed:false
1423 http fetch GET 200 https://registry.npmmirror.com/balanced-match 16ms (cache miss)
1424 silly packumentCache full:https://registry.npmmirror.com/balanced-match set size:6837 disposed:false
1425 silly placeDep ROOT balanced-match@1.0.2 OK for: brace-expansion@1.1.12 want: ^1.0.0
1426 silly placeDep ROOT concat-map@0.0.1 OK for: brace-expansion@1.1.12 want: 0.0.1
1427 silly placeDep ROOT mimic-fn@2.1.0 OK for: onetime@5.1.2 want: ^2.1.0
1428 silly placeDep ROOT yocto-queue@0.1.0 OK for: p-limit@3.1.0 want: ^0.1.0
1429 silly placeDep node_modules/p-locate p-limit@2.3.0 OK for: p-locate@4.1.0 want: ^2.2.0
1430 silly fetch manifest p-try@^2.0.0
1431 silly packumentCache full:https://registry.npmmirror.com/p-try cache-miss
1432 http fetch GET 200 https://registry.npmmirror.com/p-try 31ms (cache miss)
1433 silly packumentCache full:https://registry.npmmirror.com/p-try set size:3142 disposed:false
1434 silly placeDep ROOT error-ex@1.3.4 OK for: parse-json@5.2.0 want: ^1.3.1
1435 silly placeDep ROOT json-parse-even-better-errors@2.3.1 OK for: parse-json@5.2.0 want: ^2.3.0
1436 silly placeDep ROOT lines-and-columns@1.2.4 OK for: parse-json@5.2.0 want: ^1.1.6
1437 silly fetch manifest is-arrayish@^0.2.1
1438 silly packumentCache full:https://registry.npmmirror.com/is-arrayish cache-miss
1439 http fetch GET 200 https://registry.npmmirror.com/is-arrayish 26ms (cache miss)
1440 silly packumentCache full:https://registry.npmmirror.com/is-arrayish set size:3618 disposed:false
1441 silly placeDep ROOT is-arrayish@0.2.1 OK for: error-ex@1.3.4 want: ^0.2.1
1442 silly placeDep node_modules/pretty-format ansi-styles@5.2.0 OK for: pretty-format@29.7.0 want: ^5.0.0
1443 silly placeDep ROOT react-is@18.3.1 OK for: pretty-format@29.7.0 want: ^18.0.0
1444 silly placeDep ROOT kleur@3.0.3 OK for: prompts@2.4.2 want: ^3.0.3
1445 silly placeDep ROOT sisteransi@1.0.5 OK for: prompts@2.4.2 want: ^1.0.5
1446 silly placeDep ROOT is-core-module@2.16.1 OK for: resolve@1.22.11 want: ^2.16.1
1447 silly placeDep ROOT path-parse@1.0.7 OK for: resolve@1.22.11 want: ^1.0.7
1448 silly placeDep ROOT supports-preserve-symlinks-flag@1.0.0 OK for: resolve@1.22.11 want: ^1.0.0
1449 silly fetch manifest hasown@^2.0.2
1450 silly packumentCache full:https://registry.npmmirror.com/hasown cache-miss
1451 http fetch GET 200 https://registry.npmmirror.com/hasown 21ms (cache miss)
1452 silly packumentCache full:https://registry.npmmirror.com/hasown set size:3832 disposed:false
1453 silly placeDep ROOT hasown@2.0.2 OK for: is-core-module@2.16.1 want: ^2.0.2
1454 silly fetch manifest function-bind@^1.1.2
1455 silly packumentCache full:https://registry.npmmirror.com/function-bind cache-miss
1456 http fetch GET 200 https://registry.npmmirror.com/function-bind 16ms (cache miss)
1457 silly packumentCache full:https://registry.npmmirror.com/function-bind set size:4376 disposed:false
1458 silly placeDep ROOT function-bind@1.1.2 OK for: hasown@2.0.2 want: ^1.1.2
1459 silly placeDep ROOT shebang-regex@3.0.0 OK for: shebang-command@2.0.0 want: ^3.0.0
1460 silly placeDep ROOT buffer-from@1.1.2 OK for: source-map-support@0.5.13 want: ^1.0.0
1461 silly placeDep ROOT escape-string-regexp@2.0.0 OK for: stack-utils@2.0.6 want: ^2.0.0
1462 silly placeDep ROOT char-regex@1.0.2 OK for: string-length@4.0.2 want: ^1.0.2
1463 silly placeDep ROOT ansi-regex@5.0.1 OK for: strip-ansi@6.0.1 want: ^5.0.1
1464 silly placeDep ROOT has-flag@4.0.0 OK for: supports-color@7.2.0 want: ^4.0.0
1465 silly placeDep ROOT is-number@7.0.0 OK for: to-regex-range@5.0.1 want: ^7.0.0
1466 silly placeDep ROOT escalade@3.2.0 OK for: update-browserslist-db@1.2.3 want: ^3.2.0
1467 silly placeDep ROOT makeerror@1.0.12 OK for: walker@1.0.8 want: 1.0.12
1468 silly fetch manifest tmpl@1.0.5
1469 silly packumentCache full:https://registry.npmmirror.com/tmpl cache-miss
1470 http fetch GET 200 https://registry.npmmirror.com/tmpl 38ms (cache miss)
1471 silly packumentCache full:https://registry.npmmirror.com/tmpl set size:2158 disposed:false
1472 silly placeDep ROOT tmpl@1.0.5 OK for: makeerror@1.0.12 want: 1.0.5
1473 silly placeDep ROOT isexe@2.0.0 OK for: which@2.0.2 want: ^2.0.0
1474 silly placeDep ROOT imurmurhash@0.1.4 OK for: write-file-atomic@4.0.2 want: ^0.1.4
1475 silly placeDep ROOT cliui@8.0.1 OK for: yargs@17.7.2 want: ^8.0.1
1476 silly placeDep ROOT get-caller-file@2.0.5 OK for: yargs@17.7.2 want: ^2.0.5
1477 silly placeDep ROOT require-directory@2.1.1 OK for: yargs@17.7.2 want: ^2.1.1
1478 silly placeDep ROOT string-width@4.2.3 OK for: yargs@17.7.2 want: ^4.2.3
1479 silly placeDep ROOT y18n@5.0.8 OK for: yargs@17.7.2 want: ^5.0.5
1480 silly placeDep ROOT yargs-parser@21.1.1 OK for: yargs@17.7.2 want: ^21.1.1
1481 silly fetch manifest string-width@^4.2.0
1482 silly packumentCache full:https://registry.npmmirror.com/string-width cache-hit
1483 silly fetch manifest wrap-ansi@^7.0.0
1484 silly packumentCache full:https://registry.npmmirror.com/wrap-ansi cache-miss
1485 silly fetch manifest emoji-regex@^8.0.0
1486 silly packumentCache full:https://registry.npmmirror.com/emoji-regex cache-miss
1487 silly fetch manifest is-fullwidth-code-point@^3.0.0
1488 silly packumentCache full:https://registry.npmmirror.com/is-fullwidth-code-point cache-miss
1489 http fetch GET 200 https://registry.npmmirror.com/emoji-regex 31ms (cache miss)
1490 silly packumentCache full:https://registry.npmmirror.com/emoji-regex set size:17651 disposed:false
1491 http fetch GET 200 https://registry.npmmirror.com/wrap-ansi 39ms (cache miss)
1492 silly packumentCache full:https://registry.npmmirror.com/wrap-ansi set size:9927 disposed:false
1493 http fetch GET 200 https://registry.npmmirror.com/is-fullwidth-code-point 39ms (cache miss)
1494 silly packumentCache full:https://registry.npmmirror.com/is-fullwidth-code-point set size:3385 disposed:false
1495 silly placeDep ROOT wrap-ansi@7.0.0 OK for: cliui@8.0.1 want: ^7.0.0
1496 silly placeDep ROOT emoji-regex@8.0.0 OK for: string-width@4.2.3 want: ^8.0.0
1497 silly placeDep ROOT is-fullwidth-code-point@3.0.0 OK for: string-width@4.2.3 want: ^3.0.0
1498 silly placeDep ROOT p-try@2.2.0 OK for: p-limit@2.3.0 want: ^2.0.0
1499 silly reify moves {}
1500 silly audit bulk request {
1500 silly audit   '@jest/globals': [ '29.7.0' ],
1500 silly audit   'fast-check': [ '3.23.2' ],
1500 silly audit   jest: [ '29.7.0' ],
1500 silly audit   '@jest/environment': [ '29.7.0' ],
1500 silly audit   '@jest/expect': [ '29.7.0' ],
1500 silly audit   '@jest/types': [ '29.6.3' ],
1500 silly audit   'jest-mock': [ '29.7.0' ],
1500 silly audit   '@jest/fake-timers': [ '29.7.0' ],
1500 silly audit   '@types/node': [ '25.0.3' ],
1500 silly audit   expect: [ '29.7.0' ],
1500 silly audit   'jest-snapshot': [ '29.7.0' ],
1500 silly audit   '@sinonjs/fake-timers': [ '10.3.0' ],
1500 silly audit   'jest-message-util': [ '29.7.0' ],
1500 silly audit   'jest-util': [ '29.7.0' ],
1500 silly audit   '@jest/schemas': [ '29.6.3' ],
1500 silly audit   '@types/istanbul-lib-coverage': [ '2.0.6' ],
1500 silly audit   '@types/istanbul-reports': [ '3.0.4' ],
1500 silly audit   '@types/yargs': [ '17.0.35' ],
1500 silly audit   chalk: [ '4.1.2' ],
1500 silly audit   '@sinclair/typebox': [ '0.27.8' ],
1500 silly audit   '@sinonjs/commons': [ '3.0.1' ],
1500 silly audit   'type-detect': [ '4.0.8' ],
1500 silly audit   '@types/istanbul-lib-report': [ '3.0.3' ],
1500 silly audit   'undici-types': [ '7.16.0' ],
1500 silly audit   '@types/yargs-parser': [ '21.0.3' ],
1500 silly audit   'ansi-styles': [ '4.3.0', '5.2.0' ],
1500 silly audit   'supports-color': [ '7.2.0', '8.1.1' ],
1500 silly audit   'color-convert': [ '2.0.1' ],
1500 silly audit   'color-name': [ '1.1.4' ],
1500 silly audit   '@jest/expect-utils': [ '29.7.0' ],
1500 silly audit   'jest-get-type': [ '29.6.3' ],
1500 silly audit   'jest-matcher-utils': [ '29.7.0' ],
1500 silly audit   'pure-rand': [ '6.1.0' ],
1500 silly audit   '@jest/core': [ '29.7.0' ],
1500 silly audit   'import-local': [ '3.2.0' ],
1500 silly audit   'jest-cli': [ '29.7.0' ],
1500 silly audit   '@jest/console': [ '29.7.0' ],
1500 silly audit   '@jest/reporters': [ '29.7.0' ],
1500 silly audit   '@jest/test-result': [ '29.7.0' ],
1500 silly audit   '@jest/transform': [ '29.7.0' ],
1500 silly audit   'ansi-escapes': [ '4.3.2' ],
1500 silly audit   'ci-info': [ '3.9.0' ],
1500 silly audit   exit: [ '0.1.2' ],
1500 silly audit   'graceful-fs': [ '4.2.11' ],
1500 silly audit   'jest-changed-files': [ '29.7.0' ],
1500 silly audit   'jest-config': [ '29.7.0' ],
1500 silly audit   'jest-haste-map': [ '29.7.0' ],
1500 silly audit   'jest-regex-util': [ '29.6.3' ],
1500 silly audit   'jest-resolve': [ '29.7.0' ],
1500 silly audit   'jest-resolve-dependencies': [ '29.7.0' ],
1500 silly audit   'jest-runner': [ '29.7.0' ],
1500 silly audit   'jest-runtime': [ '29.7.0' ],
1500 silly audit   'jest-validate': [ '29.7.0' ],
1500 silly audit   'jest-watcher': [ '29.7.0' ],
1500 silly audit   micromatch: [ '4.0.8' ],
1500 silly audit   'pretty-format': [ '29.7.0' ],
1500 silly audit   slash: [ '3.0.0' ],
1500 silly audit   'strip-ansi': [ '6.0.1' ],
1500 silly audit   '@bcoe/v8-coverage': [ '0.2.3' ],
1500 silly audit   '@jridgewell/trace-mapping': [ '0.3.31' ],
1500 silly audit   'collect-v8-coverage': [ '1.0.3' ],
1500 silly audit   glob: [ '7.2.3' ],
1500 silly audit   'istanbul-lib-coverage': [ '3.2.2' ],
1500 silly audit   'istanbul-lib-instrument': [ '6.0.3', '5.2.1' ],
1500 silly audit   'istanbul-lib-report': [ '3.0.1' ],
1500 silly audit   'istanbul-lib-source-maps': [ '4.0.1' ],
1500 silly audit   'istanbul-reports': [ '3.2.0' ],
1500 silly audit   'jest-worker': [ '29.7.0' ],
1500 silly audit   'string-length': [ '4.0.2' ],
1500 silly audit   'v8-to-istanbul': [ '9.3.0' ],
1500 silly audit   '@babel/core': [ '7.28.5' ],
1500 silly audit   'babel-plugin-istanbul': [ '6.1.1' ],
1500 silly audit   'convert-source-map': [ '2.0.0' ],
1500 silly audit   'fast-json-stable-stringify': [ '2.1.0' ],
1500 silly audit   pirates: [ '4.0.7' ],
1500 silly audit   'write-file-atomic': [ '4.0.2' ],
1500 silly audit   '@babel/code-frame': [ '7.27.1' ],
1500 silly audit   '@babel/generator': [ '7.28.5' ],
1500 silly audit   '@babel/helper-compilation-targets': [ '7.27.2' ],
1500 silly audit   '@babel/helper-module-transforms': [ '7.28.3' ],
1500 silly audit   '@babel/helpers': [ '7.28.4' ],
1500 silly audit   '@babel/parser': [ '7.28.5' ],
1500 silly audit   '@babel/template': [ '7.27.2' ],
1500 silly audit   '@babel/traverse': [ '7.28.5' ],
1500 silly audit   '@babel/types': [ '7.28.5' ],
1500 silly audit   '@jridgewell/remapping': [ '2.3.5' ],
1500 silly audit   debug: [ '4.4.3' ],
1500 silly audit   gensync: [ '1.0.0-beta.2' ],
1500 silly audit   json5: [ '2.2.3' ],
1500 silly audit   semver: [ '6.3.1', '7.7.3' ],
1500 silly audit   '@babel/helper-validator-identifier': [ '7.28.5' ],
1500 silly audit   'js-tokens': [ '4.0.0' ],
1500 silly audit   picocolors: [ '1.1.1' ],
1500 silly audit   '@jridgewell/gen-mapping': [ '0.3.13' ],
1500 silly audit   jsesc: [ '3.1.0' ],
1500 silly audit   '@babel/compat-data': [ '7.28.5' ],
1500 silly audit   '@babel/helper-validator-option': [ '7.27.1' ],
1500 silly audit   browserslist: [ '4.28.1' ],
1500 silly audit   'lru-cache': [ '5.1.1' ],
1500 silly audit   '@babel/helper-module-imports': [ '7.27.1' ],
1500 silly audit   '@babel/helper-globals': [ '7.28.0' ],
1500 silly audit   '@babel/helper-string-parser': [ '7.27.1' ],
1500 silly audit   '@jridgewell/sourcemap-codec': [ '1.5.5' ],
1500 silly audit   '@jridgewell/resolve-uri': [ '3.1.2' ],
1500 silly audit   'type-fest': [ '0.21.3' ],
1500 silly audit   '@babel/helper-plugin-utils': [ '7.27.1' ],
1500 silly audit   '@istanbuljs/load-nyc-config': [ '1.1.0' ],
1500 silly audit   '@istanbuljs/schema': [ '0.1.3' ],
1500 silly audit   'test-exclude': [ '6.0.0' ],
1500 silly audit   camelcase: [ '5.3.1', '6.3.0' ],
1500 silly audit   'find-up': [ '4.1.0' ],
1500 silly audit   'get-package-type': [ '0.1.0' ],
1500 silly audit   'js-yaml': [ '3.14.2' ],
1500 silly audit   'resolve-from': [ '5.0.0' ],
1500 silly audit   'baseline-browser-mapping': [ '2.9.11' ],
1500 silly audit   'caniuse-lite': [ '1.0.30001761' ],
1500 silly audit   'electron-to-chromium': [ '1.5.267' ],
1500 silly audit   'node-releases': [ '2.0.27' ],
1500 silly audit   'update-browserslist-db': [ '1.2.3' ],
1500 silly audit   ms: [ '2.1.3' ],
1500 silly audit   'locate-path': [ '5.0.0' ],
1500 silly audit   'path-exists': [ '4.0.0' ],
1500 silly audit   'fs.realpath': [ '1.0.0' ],
1500 silly audit   inflight: [ '1.0.6' ],
1500 silly audit   inherits: [ '2.0.4' ],
1500 silly audit   minimatch: [ '3.1.2' ],
1500 silly audit   once: [ '1.4.0' ],
1500 silly audit   'path-is-absolute': [ '1.0.1' ],
1500 silly audit   'pkg-dir': [ '4.2.0' ],
1500 silly audit   'resolve-cwd': [ '3.0.0' ],
1500 silly audit   wrappy: [ '1.0.2' ],
1500 silly audit   'make-dir': [ '4.0.0' ],
1500 silly audit   'source-map': [ '0.6.1' ],
1500 silly audit   'html-escaper': [ '2.0.2' ],
1500 silly audit   execa: [ '5.1.1' ],
1500 silly audit   'p-limit': [ '3.1.0', '2.3.0' ],
1500 silly audit   'cross-spawn': [ '7.0.6' ],
1500 silly audit   'get-stream': [ '6.0.1' ],
1500 silly audit   'human-signals': [ '2.1.0' ],
1500 silly audit   'is-stream': [ '2.0.1' ],
1500 silly audit   'merge-stream': [ '2.0.0' ],
1500 silly audit   'npm-run-path': [ '4.0.1' ],
1500 silly audit   onetime: [ '5.1.2' ],
1500 silly audit   'signal-exit': [ '3.0.7' ],
1500 silly audit   'strip-final-newline': [ '2.0.0' ],
1500 silly audit   'path-key': [ '3.1.1' ],
1500 silly audit   'shebang-command': [ '2.0.0' ],
1500 silly audit   which: [ '2.0.2' ],
1500 silly audit   'create-jest': [ '29.7.0' ],
1500 silly audit   yargs: [ '17.7.2' ],
1500 silly audit   prompts: [ '2.4.2' ],
1500 silly audit   '@jest/test-sequencer': [ '29.7.0' ],
1500 silly audit   'babel-jest': [ '29.7.0' ],
1500 silly audit   deepmerge: [ '4.3.1' ],
1500 silly audit   'jest-circus': [ '29.7.0' ],
1500 silly audit   'jest-environment-node': [ '29.7.0' ],
1500 silly audit   'parse-json': [ '5.2.0' ],
1500 silly audit   'strip-json-comments': [ '3.1.1' ],
1500 silly audit   '@types/babel__core': [ '7.20.5' ],
1500 silly audit   'babel-preset-jest': [ '29.6.3' ],
1500 silly audit   '@types/babel__generator': [ '7.27.0' ],
1500 silly audit   '@types/babel__template': [ '7.4.4' ],
1500 silly audit   '@types/babel__traverse': [ '7.28.0' ],
1500 silly audit   'babel-plugin-jest-hoist': [ '29.6.3' ],
1500 silly audit   'babel-preset-current-node-syntax': [ '1.2.0' ],
1500 silly audit   '@babel/plugin-syntax-async-generators': [ '7.8.4' ],
1500 silly audit   '@babel/plugin-syntax-bigint': [ '7.8.3' ],
1500 silly audit   '@babel/plugin-syntax-class-properties': [ '7.12.13' ],
1500 silly audit   '@babel/plugin-syntax-class-static-block': [ '7.14.5' ],
1500 silly audit   '@babel/plugin-syntax-import-attributes': [ '7.27.1' ],
1500 silly audit   '@babel/plugin-syntax-import-meta': [ '7.10.4' ],
1500 silly audit   '@babel/plugin-syntax-json-strings': [ '7.8.3' ],
1500 silly audit   '@babel/plugin-syntax-logical-assignment-operators': [ '7.10.4' ],
1500 silly audit   '@babel/plugin-syntax-nullish-coalescing-operator': [ '7.8.3' ],
1500 silly audit   '@babel/plugin-syntax-numeric-separator': [ '7.10.4' ],
1500 silly audit   '@babel/plugin-syntax-object-rest-spread': [ '7.8.3' ],
1500 silly audit   '@babel/plugin-syntax-optional-catch-binding': [ '7.8.3' ],
1500 silly audit   '@babel/plugin-syntax-optional-chaining': [ '7.8.3' ],
1500 silly audit   '@babel/plugin-syntax-private-property-in-object': [ '7.14.5' ],
1500 silly audit   '@babel/plugin-syntax-top-level-await': [ '7.14.5' ],
1500 silly audit   co: [ '4.6.0' ],
1500 silly audit   dedent: [ '1.7.1' ],
1500 silly audit   'is-generator-fn': [ '2.1.0' ],
1500 silly audit   'jest-each': [ '29.7.0' ],
1500 silly audit   'stack-utils': [ '2.0.6' ],
1500 silly audit   '@types/graceful-fs': [ '4.1.9' ],
1500 silly audit   anymatch: [ '3.1.3' ],
1500 silly audit   'fb-watchman': [ '2.0.2' ],
1500 silly audit   fsevents: [ '2.3.3' ],
1500 silly audit   walker: [ '1.0.8' ],
1500 silly audit   'normalize-path': [ '3.0.0' ],
1500 silly audit   picomatch: [ '2.3.1' ],
1500 silly audit   bser: [ '2.1.1' ],
1500 silly audit   'node-int64': [ '0.4.0' ],
1500 silly audit   'jest-diff': [ '29.7.0' ],
1500 silly audit   'diff-sequences': [ '29.6.3' ],
1500 silly audit   '@types/stack-utils': [ '2.0.3' ],
1500 silly audit   'jest-pnp-resolver': [ '1.2.3' ],
1500 silly audit   resolve: [ '1.22.11' ],
1500 silly audit   'resolve.exports': [ '2.0.3' ],
1500 silly audit   emittery: [ '0.13.1' ],
1500 silly audit   'jest-docblock': [ '29.7.0' ],
1500 silly audit   'jest-leak-detector': [ '29.7.0' ],
1500 silly audit   'source-map-support': [ '0.5.13' ],
1500 silly audit   'detect-newline': [ '3.1.0' ],
1500 silly audit   '@jest/source-map': [ '29.6.3' ],
1500 silly audit   'cjs-module-lexer': [ '1.4.3' ],
1500 silly audit   'strip-bom': [ '4.0.0' ],
1500 silly audit   callsites: [ '3.1.0' ],
1500 silly audit   '@babel/plugin-syntax-jsx': [ '7.27.1' ],
1500 silly audit   '@babel/plugin-syntax-typescript': [ '7.27.1' ],
1500 silly audit   'natural-compare': [ '1.4.0' ],
1500 silly audit   leven: [ '3.1.0' ],
1500 silly audit   argparse: [ '1.0.10' ],
1500 silly audit   esprima: [ '4.0.1' ],
1500 silly audit   'sprintf-js': [ '1.0.3' ],
1500 silly audit   'p-locate': [ '4.1.0' ],
1500 silly audit   yallist: [ '3.1.1' ],
1500 silly audit   braces: [ '3.0.3' ],
1500 silly audit   'fill-range': [ '7.1.1' ],
1500 silly audit   'to-regex-range': [ '5.0.1' ],
1500 silly audit   'brace-expansion': [ '1.1.12' ],
1500 silly audit   'balanced-match': [ '1.0.2' ],
1500 silly audit   'concat-map': [ '0.0.1' ],
1500 silly audit   'mimic-fn': [ '2.1.0' ],
1500 silly audit   'yocto-queue': [ '0.1.0' ],
1500 silly audit   'error-ex': [ '1.3.4' ],
1500 silly audit   'json-parse-even-better-errors': [ '2.3.1' ],
1500 silly audit   'lines-and-columns': [ '1.2.4' ],
1500 silly audit   'is-arrayish': [ '0.2.1' ],
1500 silly audit   'react-is': [ '18.3.1' ],
1500 silly audit   kleur: [ '3.0.3' ],
1500 silly audit   sisteransi: [ '1.0.5' ],
1500 silly audit   'is-core-module': [ '2.16.1' ],
1500 silly audit   'path-parse': [ '1.0.7' ],
1500 silly audit   'supports-preserve-symlinks-flag': [ '1.0.0' ],
1500 silly audit   hasown: [ '2.0.2' ],
1500 silly audit   'function-bind': [ '1.1.2' ],
1500 silly audit   'shebang-regex': [ '3.0.0' ],
1500 silly audit   'buffer-from': [ '1.1.2' ],
1500 silly audit   'escape-string-regexp': [ '2.0.0' ],
1500 silly audit   'char-regex': [ '1.0.2' ],
1500 silly audit   'ansi-regex': [ '5.0.1' ],
1500 silly audit   'has-flag': [ '4.0.0' ],
1500 silly audit   'is-number': [ '7.0.0' ],
1500 silly audit   escalade: [ '3.2.0' ],
1500 silly audit   makeerror: [ '1.0.12' ],
1500 silly audit   tmpl: [ '1.0.5' ],
1500 silly audit   isexe: [ '2.0.0' ],
1500 silly audit   imurmurhash: [ '0.1.4' ],
1500 silly audit   cliui: [ '8.0.1' ],
1500 silly audit   'get-caller-file': [ '2.0.5' ],
1500 silly audit   'require-directory': [ '2.1.1' ],
1500 silly audit   'string-width': [ '4.2.3' ],
1500 silly audit   y18n: [ '5.0.8' ],
1500 silly audit   'yargs-parser': [ '21.1.1' ],
1500 silly audit   'wrap-ansi': [ '7.0.0' ],
1500 silly audit   'emoji-regex': [ '8.0.0' ],
1500 silly audit   'is-fullwidth-code-point': [ '3.0.0' ],
1500 silly audit   'p-try': [ '2.2.0' ]
1500 silly audit }
1501 verbose reify failed optional dependency E:\WorkRelated\Model inference performance stress test\temp\node_modules\fsevents
1502 silly reify mark deleted [
1502 silly reify   'E:\\WorkRelated\\Model inference performance stress test\\temp\\node_modules\\fsevents'
1502 silly reify ]
1503 http cache p-try@https://registry.npmmirror.com/p-try/-/p-try-2.2.0.tgz 0ms (cache hit)
1504 http cache is-fullwidth-code-point@https://registry.npmmirror.com/is-fullwidth-code-point/-/is-fullwidth-code-point-3.0.0.tgz 0ms (cache hit)
1505 http cache emoji-regex@https://registry.npmmirror.com/emoji-regex/-/emoji-regex-8.0.0.tgz 0ms (cache hit)
1506 http cache wrap-ansi@https://registry.npmmirror.com/wrap-ansi/-/wrap-ansi-7.0.0.tgz 0ms (cache hit)
1507 http cache y18n@https://registry.npmmirror.com/y18n/-/y18n-5.0.8.tgz 0ms (cache hit)
1508 http cache yargs-parser@https://registry.npmmirror.com/yargs-parser/-/yargs-parser-21.1.1.tgz 0ms (cache hit)
1509 http cache string-width@https://registry.npmmirror.com/string-width/-/string-width-4.2.3.tgz 0ms (cache hit)
1510 http cache get-caller-file@https://registry.npmmirror.com/get-caller-file/-/get-caller-file-2.0.5.tgz 0ms (cache hit)
1511 http cache require-directory@https://registry.npmmirror.com/require-directory/-/require-directory-2.1.1.tgz 0ms (cache hit)
1512 http cache cliui@https://registry.npmmirror.com/cliui/-/cliui-8.0.1.tgz 0ms (cache hit)
1513 http cache imurmurhash@https://registry.npmmirror.com/imurmurhash/-/imurmurhash-0.1.4.tgz 0ms (cache hit)
1514 http cache tmpl@https://registry.npmmirror.com/tmpl/-/tmpl-1.0.5.tgz 0ms (cache hit)
1515 http cache isexe@https://registry.npmmirror.com/isexe/-/isexe-2.0.0.tgz 0ms (cache hit)
1516 http cache makeerror@https://registry.npmmirror.com/makeerror/-/makeerror-1.0.12.tgz 0ms (cache hit)
1517 http cache escalade@https://registry.npmmirror.com/escalade/-/escalade-3.2.0.tgz 0ms (cache hit)
1518 http cache is-number@https://registry.npmmirror.com/is-number/-/is-number-7.0.0.tgz 0ms (cache hit)
1519 http cache has-flag@https://registry.npmmirror.com/has-flag/-/has-flag-4.0.0.tgz 0ms (cache hit)
1520 http cache ansi-regex@https://registry.npmmirror.com/ansi-regex/-/ansi-regex-5.0.1.tgz 0ms (cache hit)
1521 http cache char-regex@https://registry.npmmirror.com/char-regex/-/char-regex-1.0.2.tgz 0ms (cache hit)
1522 http cache escape-string-regexp@https://registry.npmmirror.com/escape-string-regexp/-/escape-string-regexp-2.0.0.tgz 0ms (cache hit)
1523 http cache buffer-from@https://registry.npmmirror.com/buffer-from/-/buffer-from-1.1.2.tgz 0ms (cache hit)
1524 http cache shebang-regex@https://registry.npmmirror.com/shebang-regex/-/shebang-regex-3.0.0.tgz 0ms (cache hit)
1525 http cache function-bind@https://registry.npmmirror.com/function-bind/-/function-bind-1.1.2.tgz 0ms (cache hit)
1526 http cache hasown@https://registry.npmmirror.com/hasown/-/hasown-2.0.2.tgz 0ms (cache hit)
1527 http cache path-parse@https://registry.npmmirror.com/path-parse/-/path-parse-1.0.7.tgz 0ms (cache hit)
1528 http cache supports-preserve-symlinks-flag@https://registry.npmmirror.com/supports-preserve-symlinks-flag/-/supports-preserve-symlinks-flag-1.0.0.tgz 0ms (cache hit)
1529 http cache is-core-module@https://registry.npmmirror.com/is-core-module/-/is-core-module-2.16.1.tgz 0ms (cache hit)
1530 http cache sisteransi@https://registry.npmmirror.com/sisteransi/-/sisteransi-1.0.5.tgz 0ms (cache hit)
1531 http cache kleur@https://registry.npmmirror.com/kleur/-/kleur-3.0.3.tgz 0ms (cache hit)
1532 http cache react-is@https://registry.npmmirror.com/react-is/-/react-is-18.3.1.tgz 0ms (cache hit)
1533 http cache is-arrayish@https://registry.npmmirror.com/is-arrayish/-/is-arrayish-0.2.1.tgz 0ms (cache hit)
1534 http cache json-parse-even-better-errors@https://registry.npmmirror.com/json-parse-even-better-errors/-/json-parse-even-better-errors-2.3.1.tgz 0ms (cache hit)
1535 http cache error-ex@https://registry.npmmirror.com/error-ex/-/error-ex-1.3.4.tgz 0ms (cache hit)
1536 http cache lines-and-columns@https://registry.npmmirror.com/lines-and-columns/-/lines-and-columns-1.2.4.tgz 0ms (cache hit)
1537 http cache yocto-queue@https://registry.npmmirror.com/yocto-queue/-/yocto-queue-0.1.0.tgz 0ms (cache hit)
1538 http cache mimic-fn@https://registry.npmmirror.com/mimic-fn/-/mimic-fn-2.1.0.tgz 0ms (cache hit)
1539 http cache balanced-match@https://registry.npmmirror.com/balanced-match/-/balanced-match-1.0.2.tgz 0ms (cache hit)
1540 http cache concat-map@https://registry.npmmirror.com/concat-map/-/concat-map-0.0.1.tgz 0ms (cache hit)
1541 http cache brace-expansion@https://registry.npmmirror.com/brace-expansion/-/brace-expansion-1.1.12.tgz 0ms (cache hit)
1542 http cache to-regex-range@https://registry.npmmirror.com/to-regex-range/-/to-regex-range-5.0.1.tgz 0ms (cache hit)
1543 http cache fill-range@https://registry.npmmirror.com/fill-range/-/fill-range-7.1.1.tgz 0ms (cache hit)
1544 http cache braces@https://registry.npmmirror.com/braces/-/braces-3.0.3.tgz 0ms (cache hit)
1545 http cache sprintf-js@https://registry.npmmirror.com/sprintf-js/-/sprintf-js-1.0.3.tgz 0ms (cache hit)
1546 http cache yallist@https://registry.npmmirror.com/yallist/-/yallist-3.1.1.tgz 0ms (cache hit)
1547 http cache esprima@https://registry.npmmirror.com/esprima/-/esprima-4.0.1.tgz 0ms (cache hit)
1548 http cache p-locate@https://registry.npmmirror.com/p-locate/-/p-locate-4.1.0.tgz 0ms (cache hit)
1549 http cache argparse@https://registry.npmmirror.com/argparse/-/argparse-1.0.10.tgz 0ms (cache hit)
1550 http cache @babel/plugin-syntax-typescript@https://registry.npmmirror.com/@babel/plugin-syntax-typescript/-/plugin-syntax-typescript-7.27.1.tgz 0ms (cache hit)
1551 http cache leven@https://registry.npmmirror.com/leven/-/leven-3.1.0.tgz 0ms (cache hit)
1552 http cache @babel/plugin-syntax-jsx@https://registry.npmmirror.com/@babel/plugin-syntax-jsx/-/plugin-syntax-jsx-7.27.1.tgz 0ms (cache hit)
1553 http cache natural-compare@https://registry.npmmirror.com/natural-compare/-/natural-compare-1.4.0.tgz 0ms (cache hit)
1554 http cache @jest/source-map@https://registry.npmmirror.com/@jest/source-map/-/source-map-29.6.3.tgz 0ms (cache hit)
1555 http cache callsites@https://registry.npmmirror.com/callsites/-/callsites-3.1.0.tgz 0ms (cache hit)
1556 http cache source-map-support@https://registry.npmmirror.com/source-map-support/-/source-map-support-0.5.13.tgz 0ms (cache hit)
1557 http cache cjs-module-lexer@https://registry.npmmirror.com/cjs-module-lexer/-/cjs-module-lexer-1.4.3.tgz 0ms (cache hit)
1558 http cache detect-newline@https://registry.npmmirror.com/detect-newline/-/detect-newline-3.1.0.tgz 0ms (cache hit)
1559 http cache strip-bom@https://registry.npmmirror.com/strip-bom/-/strip-bom-4.0.0.tgz 0ms (cache hit)
1560 http cache jest-leak-detector@https://registry.npmmirror.com/jest-leak-detector/-/jest-leak-detector-29.7.0.tgz 0ms (cache hit)
1561 http cache jest-docblock@https://registry.npmmirror.com/jest-docblock/-/jest-docblock-29.7.0.tgz 0ms (cache hit)
1562 http cache emittery@https://registry.npmmirror.com/emittery/-/emittery-0.13.1.tgz 0ms (cache hit)
1563 http cache resolve.exports@https://registry.npmmirror.com/resolve.exports/-/resolve.exports-2.0.3.tgz 0ms (cache hit)
1564 http cache resolve@https://registry.npmmirror.com/resolve/-/resolve-1.22.11.tgz 0ms (cache hit)
1565 http cache jest-pnp-resolver@https://registry.npmmirror.com/jest-pnp-resolver/-/jest-pnp-resolver-1.2.3.tgz 0ms (cache hit)
1566 http cache diff-sequences@https://registry.npmmirror.com/diff-sequences/-/diff-sequences-29.6.3.tgz 0ms (cache hit)
1567 http cache @types/stack-utils@https://registry.npmmirror.com/@types/stack-utils/-/stack-utils-2.0.3.tgz 0ms (cache hit)
1568 http cache jest-diff@https://registry.npmmirror.com/jest-diff/-/jest-diff-29.7.0.tgz 0ms (cache hit)
1569 http cache node-int64@https://registry.npmmirror.com/node-int64/-/node-int64-0.4.0.tgz 0ms (cache hit)
1570 http cache bser@https://registry.npmmirror.com/bser/-/bser-2.1.1.tgz 1ms (cache hit)
1571 http cache picomatch@https://registry.npmmirror.com/picomatch/-/picomatch-2.3.1.tgz 0ms (cache hit)
1572 http cache normalize-path@https://registry.npmmirror.com/normalize-path/-/normalize-path-3.0.0.tgz 0ms (cache hit)
1573 http cache fb-watchman@https://registry.npmmirror.com/fb-watchman/-/fb-watchman-2.0.2.tgz 0ms (cache hit)
1574 http cache @types/graceful-fs@https://registry.npmmirror.com/@types/graceful-fs/-/graceful-fs-4.1.9.tgz 0ms (cache hit)
1575 http cache walker@https://registry.npmmirror.com/walker/-/walker-1.0.8.tgz 0ms (cache hit)
1576 http cache anymatch@https://registry.npmmirror.com/anymatch/-/anymatch-3.1.3.tgz 0ms (cache hit)
1577 http cache jest-each@https://registry.npmmirror.com/jest-each/-/jest-each-29.7.0.tgz 0ms (cache hit)
1578 http cache stack-utils@https://registry.npmmirror.com/stack-utils/-/stack-utils-2.0.6.tgz 0ms (cache hit)
1579 http cache @babel/plugin-syntax-top-level-await@https://registry.npmmirror.com/@babel/plugin-syntax-top-level-await/-/plugin-syntax-top-level-await-7.14.5.tgz 0ms (cache hit)
1580 http cache @babel/plugin-syntax-private-property-in-object@https://registry.npmmirror.com/@babel/plugin-syntax-private-property-in-object/-/plugin-syntax-private-property-in-object-7.14.5.tgz 0ms (cache hit)
1581 http cache @babel/plugin-syntax-optional-chaining@https://registry.npmmirror.com/@babel/plugin-syntax-optional-chaining/-/plugin-syntax-optional-chaining-7.8.3.tgz 0ms (cache hit)
1582 http cache @babel/plugin-syntax-optional-catch-binding@https://registry.npmmirror.com/@babel/plugin-syntax-optional-catch-binding/-/plugin-syntax-optional-catch-binding-7.8.3.tgz 0ms (cache hit)
1583 http cache is-generator-fn@https://registry.npmmirror.com/is-generator-fn/-/is-generator-fn-2.1.0.tgz 0ms (cache hit)
1584 http cache @babel/plugin-syntax-object-rest-spread@https://registry.npmmirror.com/@babel/plugin-syntax-object-rest-spread/-/plugin-syntax-object-rest-spread-7.8.3.tgz 0ms (cache hit)
1585 http cache dedent@https://registry.npmmirror.com/dedent/-/dedent-1.7.1.tgz 0ms (cache hit)
1586 http cache co@https://registry.npmmirror.com/co/-/co-4.6.0.tgz 0ms (cache hit)
1587 http cache @babel/plugin-syntax-nullish-coalescing-operator@https://registry.npmmirror.com/@babel/plugin-syntax-nullish-coalescing-operator/-/plugin-syntax-nullish-coalescing-operator-7.8.3.tgz 0ms (cache hit)
1588 http cache @babel/plugin-syntax-logical-assignment-operators@https://registry.npmmirror.com/@babel/plugin-syntax-logical-assignment-operators/-/plugin-syntax-logical-assignment-operators-7.10.4.tgz 0ms (cache hit)
1589 http cache @babel/plugin-syntax-json-strings@https://registry.npmmirror.com/@babel/plugin-syntax-json-strings/-/plugin-syntax-json-strings-7.8.3.tgz 0ms (cache hit)
1590 http cache @babel/plugin-syntax-numeric-separator@https://registry.npmmirror.com/@babel/plugin-syntax-numeric-separator/-/plugin-syntax-numeric-separator-7.10.4.tgz 0ms (cache hit)
1591 http cache @babel/plugin-syntax-import-meta@https://registry.npmmirror.com/@babel/plugin-syntax-import-meta/-/plugin-syntax-import-meta-7.10.4.tgz 0ms (cache hit)
1592 http cache @babel/plugin-syntax-import-attributes@https://registry.npmmirror.com/@babel/plugin-syntax-import-attributes/-/plugin-syntax-import-attributes-7.27.1.tgz 0ms (cache hit)
1593 http cache @babel/plugin-syntax-class-static-block@https://registry.npmmirror.com/@babel/plugin-syntax-class-static-block/-/plugin-syntax-class-static-block-7.14.5.tgz 0ms (cache hit)
1594 http cache @babel/plugin-syntax-class-properties@https://registry.npmmirror.com/@babel/plugin-syntax-class-properties/-/plugin-syntax-class-properties-7.12.13.tgz 0ms (cache hit)
1595 http cache babel-preset-current-node-syntax@https://registry.npmmirror.com/babel-preset-current-node-syntax/-/babel-preset-current-node-syntax-1.2.0.tgz 0ms (cache hit)
1596 http cache @babel/plugin-syntax-async-generators@https://registry.npmmirror.com/@babel/plugin-syntax-async-generators/-/plugin-syntax-async-generators-7.8.4.tgz 0ms (cache hit)
1597 http cache @types/babel__traverse@https://registry.npmmirror.com/@types/babel__traverse/-/babel__traverse-7.28.0.tgz 0ms (cache hit)
1598 http cache @babel/plugin-syntax-bigint@https://registry.npmmirror.com/@babel/plugin-syntax-bigint/-/plugin-syntax-bigint-7.8.3.tgz 0ms (cache hit)
1599 http cache babel-plugin-jest-hoist@https://registry.npmmirror.com/babel-plugin-jest-hoist/-/babel-plugin-jest-hoist-29.6.3.tgz 0ms (cache hit)
1600 http cache babel-preset-jest@https://registry.npmmirror.com/babel-preset-jest/-/babel-preset-jest-29.6.3.tgz 0ms (cache hit)
1601 http cache @types/babel__template@https://registry.npmmirror.com/@types/babel__template/-/babel__template-7.4.4.tgz 0ms (cache hit)
1602 http cache @types/babel__core@https://registry.npmmirror.com/@types/babel__core/-/babel__core-7.20.5.tgz 0ms (cache hit)
1603 http cache strip-json-comments@https://registry.npmmirror.com/strip-json-comments/-/strip-json-comments-3.1.1.tgz 0ms (cache hit)
1604 http cache jest-environment-node@https://registry.npmmirror.com/jest-environment-node/-/jest-environment-node-29.7.0.tgz 0ms (cache hit)
1605 http cache @types/babel__generator@https://registry.npmmirror.com/@types/babel__generator/-/babel__generator-7.27.0.tgz 0ms (cache hit)
1606 http cache @jest/test-sequencer@https://registry.npmmirror.com/@jest/test-sequencer/-/test-sequencer-29.7.0.tgz 0ms (cache hit)
1607 http cache jest-circus@https://registry.npmmirror.com/jest-circus/-/jest-circus-29.7.0.tgz 0ms (cache hit)
1608 http cache deepmerge@https://registry.npmmirror.com/deepmerge/-/deepmerge-4.3.1.tgz 0ms (cache hit)
1609 http cache babel-jest@https://registry.npmmirror.com/babel-jest/-/babel-jest-29.7.0.tgz 0ms (cache hit)
1610 http cache prompts@https://registry.npmmirror.com/prompts/-/prompts-2.4.2.tgz 0ms (cache hit)
1611 http cache yargs@https://registry.npmmirror.com/yargs/-/yargs-17.7.2.tgz 0ms (cache hit)
1612 http cache create-jest@https://registry.npmmirror.com/create-jest/-/create-jest-29.7.0.tgz 0ms (cache hit)
1613 http cache which@https://registry.npmmirror.com/which/-/which-2.0.2.tgz 0ms (cache hit)
1614 http cache parse-json@https://registry.npmmirror.com/parse-json/-/parse-json-5.2.0.tgz 0ms (cache hit)
1615 http cache strip-final-newline@https://registry.npmmirror.com/strip-final-newline/-/strip-final-newline-2.0.0.tgz 0ms (cache hit)
1616 http cache path-key@https://registry.npmmirror.com/path-key/-/path-key-3.1.1.tgz 0ms (cache hit)
1617 http cache shebang-command@https://registry.npmmirror.com/shebang-command/-/shebang-command-2.0.0.tgz 0ms (cache hit)
1618 http cache signal-exit@https://registry.npmmirror.com/signal-exit/-/signal-exit-3.0.7.tgz 0ms (cache hit)
1619 http cache merge-stream@https://registry.npmmirror.com/merge-stream/-/merge-stream-2.0.0.tgz 0ms (cache hit)
1620 http cache onetime@https://registry.npmmirror.com/onetime/-/onetime-5.1.2.tgz 0ms (cache hit)
1621 http cache npm-run-path@https://registry.npmmirror.com/npm-run-path/-/npm-run-path-4.0.1.tgz 0ms (cache hit)
1622 http cache is-stream@https://registry.npmmirror.com/is-stream/-/is-stream-2.0.1.tgz 0ms (cache hit)
1623 http cache get-stream@https://registry.npmmirror.com/get-stream/-/get-stream-6.0.1.tgz 0ms (cache hit)
1624 http cache p-limit@https://registry.npmmirror.com/p-limit/-/p-limit-3.1.0.tgz 0ms (cache hit)
1625 http cache human-signals@https://registry.npmmirror.com/human-signals/-/human-signals-2.1.0.tgz 0ms (cache hit)
1626 http cache cross-spawn@https://registry.npmmirror.com/cross-spawn/-/cross-spawn-7.0.6.tgz 0ms (cache hit)
1627 http cache execa@https://registry.npmmirror.com/execa/-/execa-5.1.1.tgz 0ms (cache hit)
1628 http cache html-escaper@https://registry.npmmirror.com/html-escaper/-/html-escaper-2.0.2.tgz 0ms (cache hit)
1629 http cache source-map@https://registry.npmmirror.com/source-map/-/source-map-0.6.1.tgz 0ms (cache hit)
1630 http cache make-dir@https://registry.npmmirror.com/make-dir/-/make-dir-4.0.0.tgz 0ms (cache hit)
1631 http cache wrappy@https://registry.npmmirror.com/wrappy/-/wrappy-1.0.2.tgz 0ms (cache hit)
1632 http cache pkg-dir@https://registry.npmmirror.com/pkg-dir/-/pkg-dir-4.2.0.tgz 0ms (cache hit)
1633 http cache path-is-absolute@https://registry.npmmirror.com/path-is-absolute/-/path-is-absolute-1.0.1.tgz 0ms (cache hit)
1634 http cache once@https://registry.npmmirror.com/once/-/once-1.4.0.tgz 0ms (cache hit)
1635 http cache minimatch@https://registry.npmmirror.com/minimatch/-/minimatch-3.1.2.tgz 0ms (cache hit)
1636 http cache resolve-cwd@https://registry.npmmirror.com/resolve-cwd/-/resolve-cwd-3.0.0.tgz 0ms (cache hit)
1637 http cache inherits@https://registry.npmmirror.com/inherits/-/inherits-2.0.4.tgz 0ms (cache hit)
1638 http cache fs.realpath@https://registry.npmmirror.com/fs.realpath/-/fs.realpath-1.0.0.tgz 0ms (cache hit)
1639 http cache inflight@https://registry.npmmirror.com/inflight/-/inflight-1.0.6.tgz 0ms (cache hit)
1640 http cache ms@https://registry.npmmirror.com/ms/-/ms-2.1.3.tgz 0ms (cache hit)
1641 http cache path-exists@https://registry.npmmirror.com/path-exists/-/path-exists-4.0.0.tgz 0ms (cache hit)
1642 http cache locate-path@https://registry.npmmirror.com/locate-path/-/locate-path-5.0.0.tgz 0ms (cache hit)
1643 http cache electron-to-chromium@https://registry.npmmirror.com/electron-to-chromium/-/electron-to-chromium-1.5.267.tgz 0ms (cache hit)
1644 http cache update-browserslist-db@https://registry.npmmirror.com/update-browserslist-db/-/update-browserslist-db-1.2.3.tgz 0ms (cache hit)
1645 http cache caniuse-lite@https://registry.npmmirror.com/caniuse-lite/-/caniuse-lite-1.0.30001761.tgz 0ms (cache hit)
1646 http cache baseline-browser-mapping@https://registry.npmmirror.com/baseline-browser-mapping/-/baseline-browser-mapping-2.9.11.tgz 0ms (cache hit)
1647 http cache resolve-from@https://registry.npmmirror.com/resolve-from/-/resolve-from-5.0.0.tgz 0ms (cache hit)
1648 http cache js-yaml@https://registry.npmmirror.com/js-yaml/-/js-yaml-3.14.2.tgz 0ms (cache hit)
1649 http cache node-releases@https://registry.npmmirror.com/node-releases/-/node-releases-2.0.27.tgz 0ms (cache hit)
1650 http cache get-package-type@https://registry.npmmirror.com/get-package-type/-/get-package-type-0.1.0.tgz 0ms (cache hit)
1651 http cache find-up@https://registry.npmmirror.com/find-up/-/find-up-4.1.0.tgz 0ms (cache hit)
1652 http cache @istanbuljs/schema@https://registry.npmmirror.com/@istanbuljs/schema/-/schema-0.1.3.tgz 0ms (cache hit)
1653 http cache test-exclude@https://registry.npmmirror.com/test-exclude/-/test-exclude-6.0.0.tgz 0ms (cache hit)
1654 http cache @istanbuljs/load-nyc-config@https://registry.npmmirror.com/@istanbuljs/load-nyc-config/-/load-nyc-config-1.1.0.tgz 0ms (cache hit)
1655 http cache camelcase@https://registry.npmmirror.com/camelcase/-/camelcase-5.3.1.tgz 0ms (cache hit)
1656 http cache @babel/helper-plugin-utils@https://registry.npmmirror.com/@babel/helper-plugin-utils/-/helper-plugin-utils-7.27.1.tgz 0ms (cache hit)
1657 http cache type-fest@https://registry.npmmirror.com/type-fest/-/type-fest-0.21.3.tgz 0ms (cache hit)
1658 http cache @babel/helper-globals@https://registry.npmmirror.com/@babel/helper-globals/-/helper-globals-7.28.0.tgz 0ms (cache hit)
1659 http cache @jridgewell/resolve-uri@https://registry.npmmirror.com/@jridgewell/resolve-uri/-/resolve-uri-3.1.2.tgz 0ms (cache hit)
1660 http cache @babel/helper-module-imports@https://registry.npmmirror.com/@babel/helper-module-imports/-/helper-module-imports-7.27.1.tgz 0ms (cache hit)
1661 http cache @jridgewell/sourcemap-codec@https://registry.npmmirror.com/@jridgewell/sourcemap-codec/-/sourcemap-codec-1.5.5.tgz 0ms (cache hit)
1662 http cache @babel/helper-validator-option@https://registry.npmmirror.com/@babel/helper-validator-option/-/helper-validator-option-7.27.1.tgz 0ms (cache hit)
1663 http cache @babel/compat-data@https://registry.npmmirror.com/@babel/compat-data/-/compat-data-7.28.5.tgz 0ms (cache hit)
1664 http cache browserslist@https://registry.npmmirror.com/browserslist/-/browserslist-4.28.1.tgz 0ms (cache hit)
1665 http cache lru-cache@https://registry.npmmirror.com/lru-cache/-/lru-cache-5.1.1.tgz 0ms (cache hit)
1666 http cache @jridgewell/gen-mapping@https://registry.npmmirror.com/@jridgewell/gen-mapping/-/gen-mapping-0.3.13.tgz 0ms (cache hit)
1667 http cache @babel/helper-validator-identifier@https://registry.npmmirror.com/@babel/helper-validator-identifier/-/helper-validator-identifier-7.28.5.tgz 0ms (cache hit)
1668 http cache jsesc@https://registry.npmmirror.com/jsesc/-/jsesc-3.1.0.tgz 0ms (cache hit)
1669 http cache picocolors@https://registry.npmmirror.com/picocolors/-/picocolors-1.1.1.tgz 0ms (cache hit)
1670 http cache js-tokens@https://registry.npmmirror.com/js-tokens/-/js-tokens-4.0.0.tgz 0ms (cache hit)
1671 http cache semver@https://registry.npmmirror.com/semver/-/semver-6.3.1.tgz 0ms (cache hit)
1672 http cache @jridgewell/remapping@https://registry.npmmirror.com/@jridgewell/remapping/-/remapping-2.3.5.tgz 0ms (cache hit)
1673 http cache @babel/helper-string-parser@https://registry.npmmirror.com/@babel/helper-string-parser/-/helper-string-parser-7.27.1.tgz 0ms (cache hit)
1674 http cache json5@https://registry.npmmirror.com/json5/-/json5-2.2.3.tgz 0ms (cache hit)
1675 http cache @babel/types@https://registry.npmmirror.com/@babel/types/-/types-7.28.5.tgz 0ms (cache hit)
1676 http cache gensync@https://registry.npmmirror.com/gensync/-/gensync-1.0.0-beta.2.tgz 0ms (cache hit)
1677 http cache @babel/template@https://registry.npmmirror.com/@babel/template/-/template-7.27.2.tgz 0ms (cache hit)
1678 http cache debug@https://registry.npmmirror.com/debug/-/debug-4.4.3.tgz 0ms (cache hit)
1679 http cache @babel/helpers@https://registry.npmmirror.com/@babel/helpers/-/helpers-7.28.4.tgz 0ms (cache hit)
1680 http cache @babel/traverse@https://registry.npmmirror.com/@babel/traverse/-/traverse-7.28.5.tgz 0ms (cache hit)
1681 http cache @babel/helper-module-transforms@https://registry.npmmirror.com/@babel/helper-module-transforms/-/helper-module-transforms-7.28.3.tgz 0ms (cache hit)
1682 http cache @babel/parser@https://registry.npmmirror.com/@babel/parser/-/parser-7.28.5.tgz 0ms (cache hit)
1683 http cache write-file-atomic@https://registry.npmmirror.com/write-file-atomic/-/write-file-atomic-4.0.2.tgz 0ms (cache hit)
1684 http cache @babel/helper-compilation-targets@https://registry.npmmirror.com/@babel/helper-compilation-targets/-/helper-compilation-targets-7.27.2.tgz 0ms (cache hit)
1685 http cache pirates@https://registry.npmmirror.com/pirates/-/pirates-4.0.7.tgz 0ms (cache hit)
1686 http cache @babel/generator@https://registry.npmmirror.com/@babel/generator/-/generator-7.28.5.tgz 0ms (cache hit)
1687 http cache @babel/code-frame@https://registry.npmmirror.com/@babel/code-frame/-/code-frame-7.27.1.tgz 0ms (cache hit)
1688 http cache @babel/core@https://registry.npmmirror.com/@babel/core/-/core-7.28.5.tgz 0ms (cache hit)
1689 http cache fast-json-stable-stringify@https://registry.npmmirror.com/fast-json-stable-stringify/-/fast-json-stable-stringify-2.1.0.tgz 0ms (cache hit)
1690 http cache convert-source-map@https://registry.npmmirror.com/convert-source-map/-/convert-source-map-2.0.0.tgz 0ms (cache hit)
1691 http cache v8-to-istanbul@https://registry.npmmirror.com/v8-to-istanbul/-/v8-to-istanbul-9.3.0.tgz 0ms (cache hit)
1692 http cache babel-plugin-istanbul@https://registry.npmmirror.com/babel-plugin-istanbul/-/babel-plugin-istanbul-6.1.1.tgz 0ms (cache hit)
1693 http cache string-length@https://registry.npmmirror.com/string-length/-/string-length-4.0.2.tgz 0ms (cache hit)
1694 http cache jest-worker@https://registry.npmmirror.com/jest-worker/-/jest-worker-29.7.0.tgz 0ms (cache hit)
1695 http cache istanbul-lib-source-maps@https://registry.npmmirror.com/istanbul-lib-source-maps/-/istanbul-lib-source-maps-4.0.1.tgz 0ms (cache hit)
1696 http cache istanbul-reports@https://registry.npmmirror.com/istanbul-reports/-/istanbul-reports-3.2.0.tgz 0ms (cache hit)
1697 http cache istanbul-lib-report@https://registry.npmmirror.com/istanbul-lib-report/-/istanbul-lib-report-3.0.1.tgz 0ms (cache hit)
1698 http cache istanbul-lib-instrument@https://registry.npmmirror.com/istanbul-lib-instrument/-/istanbul-lib-instrument-6.0.3.tgz 0ms (cache hit)
1699 http cache @jridgewell/trace-mapping@https://registry.npmmirror.com/@jridgewell/trace-mapping/-/trace-mapping-0.3.31.tgz 0ms (cache hit)
1700 http cache istanbul-lib-coverage@https://registry.npmmirror.com/istanbul-lib-coverage/-/istanbul-lib-coverage-3.2.2.tgz 0ms (cache hit)
1701 http cache collect-v8-coverage@https://registry.npmmirror.com/collect-v8-coverage/-/collect-v8-coverage-1.0.3.tgz 0ms (cache hit)
1702 http cache glob@https://registry.npmmirror.com/glob/-/glob-7.2.3.tgz 0ms (cache hit)
1703 http cache @bcoe/v8-coverage@https://registry.npmmirror.com/@bcoe/v8-coverage/-/v8-coverage-0.2.3.tgz 0ms (cache hit)
1704 http cache strip-ansi@https://registry.npmmirror.com/strip-ansi/-/strip-ansi-6.0.1.tgz 0ms (cache hit)
1705 http cache pretty-format@https://registry.npmmirror.com/pretty-format/-/pretty-format-29.7.0.tgz 0ms (cache hit)
1706 http cache slash@https://registry.npmmirror.com/slash/-/slash-3.0.0.tgz 0ms (cache hit)
1707 http cache micromatch@https://registry.npmmirror.com/micromatch/-/micromatch-4.0.8.tgz 0ms (cache hit)
1708 http cache jest-validate@https://registry.npmmirror.com/jest-validate/-/jest-validate-29.7.0.tgz 0ms (cache hit)
1709 http cache jest-watcher@https://registry.npmmirror.com/jest-watcher/-/jest-watcher-29.7.0.tgz 0ms (cache hit)
1710 http cache jest-runtime@https://registry.npmmirror.com/jest-runtime/-/jest-runtime-29.7.0.tgz 0ms (cache hit)
1711 http cache jest-runner@https://registry.npmmirror.com/jest-runner/-/jest-runner-29.7.0.tgz 0ms (cache hit)
1712 http cache jest-resolve-dependencies@https://registry.npmmirror.com/jest-resolve-dependencies/-/jest-resolve-dependencies-29.7.0.tgz 0ms (cache hit)
1713 http cache jest-haste-map@https://registry.npmmirror.com/jest-haste-map/-/jest-haste-map-29.7.0.tgz 0ms (cache hit)
1714 http cache jest-config@https://registry.npmmirror.com/jest-config/-/jest-config-29.7.0.tgz 0ms (cache hit)
1715 http cache jest-resolve@https://registry.npmmirror.com/jest-resolve/-/jest-resolve-29.7.0.tgz 0ms (cache hit)
1716 http cache jest-changed-files@https://registry.npmmirror.com/jest-changed-files/-/jest-changed-files-29.7.0.tgz 0ms (cache hit)
1717 http cache graceful-fs@https://registry.npmmirror.com/graceful-fs/-/graceful-fs-4.2.11.tgz 0ms (cache hit)
1718 http cache exit@https://registry.npmmirror.com/exit/-/exit-0.1.2.tgz 0ms (cache hit)
1719 http cache jest-regex-util@https://registry.npmmirror.com/jest-regex-util/-/jest-regex-util-29.6.3.tgz 0ms (cache hit)
1720 http cache ansi-escapes@https://registry.npmmirror.com/ansi-escapes/-/ansi-escapes-4.3.2.tgz 0ms (cache hit)
1721 http cache @jest/transform@https://registry.npmmirror.com/@jest/transform/-/transform-29.7.0.tgz 1ms (cache hit)
1722 http cache jest-cli@https://registry.npmmirror.com/jest-cli/-/jest-cli-29.7.0.tgz 0ms (cache hit)
1723 http cache ci-info@https://registry.npmmirror.com/ci-info/-/ci-info-3.9.0.tgz 0ms (cache hit)
1724 http cache @jest/test-result@https://registry.npmmirror.com/@jest/test-result/-/test-result-29.7.0.tgz 0ms (cache hit)
1725 http cache @jest/reporters@https://registry.npmmirror.com/@jest/reporters/-/reporters-29.7.0.tgz 0ms (cache hit)
1726 http cache @jest/console@https://registry.npmmirror.com/@jest/console/-/console-29.7.0.tgz 0ms (cache hit)
1727 http cache import-local@https://registry.npmmirror.com/import-local/-/import-local-3.2.0.tgz 0ms (cache hit)
1728 http cache @jest/core@https://registry.npmmirror.com/@jest/core/-/core-29.7.0.tgz 0ms (cache hit)
1729 http cache pure-rand@https://registry.npmmirror.com/pure-rand/-/pure-rand-6.1.0.tgz 0ms (cache hit)
1730 http cache @jest/expect-utils@https://registry.npmmirror.com/@jest/expect-utils/-/expect-utils-29.7.0.tgz 0ms (cache hit)
1731 http cache jest-matcher-utils@https://registry.npmmirror.com/jest-matcher-utils/-/jest-matcher-utils-29.7.0.tgz 0ms (cache hit)
1732 http cache color-name@https://registry.npmmirror.com/color-name/-/color-name-1.1.4.tgz 0ms (cache hit)
1733 http cache jest-get-type@https://registry.npmmirror.com/jest-get-type/-/jest-get-type-29.6.3.tgz 0ms (cache hit)
1734 http cache color-convert@https://registry.npmmirror.com/color-convert/-/color-convert-2.0.1.tgz 0ms (cache hit)
1735 http cache @types/yargs-parser@https://registry.npmmirror.com/@types/yargs-parser/-/yargs-parser-21.0.3.tgz 0ms (cache hit)
1736 http cache @types/istanbul-lib-report@https://registry.npmmirror.com/@types/istanbul-lib-report/-/istanbul-lib-report-3.0.3.tgz 0ms (cache hit)
1737 http cache @sinonjs/commons@https://registry.npmmirror.com/@sinonjs/commons/-/commons-3.0.1.tgz 0ms (cache hit)
1738 http cache ansi-styles@https://registry.npmmirror.com/ansi-styles/-/ansi-styles-4.3.0.tgz 0ms (cache hit)
1739 http cache undici-types@https://registry.npmmirror.com/undici-types/-/undici-types-7.16.0.tgz 0ms (cache hit)
1740 http cache @sinclair/typebox@https://registry.npmmirror.com/@sinclair/typebox/-/typebox-0.27.8.tgz 0ms (cache hit)
1741 http cache type-detect@https://registry.npmmirror.com/type-detect/-/type-detect-4.0.8.tgz 0ms (cache hit)
1742 http cache @types/yargs@https://registry.npmmirror.com/@types/yargs/-/yargs-17.0.35.tgz 0ms (cache hit)
1743 http cache chalk@https://registry.npmmirror.com/chalk/-/chalk-4.1.2.tgz 0ms (cache hit)
1744 http cache jest-util@https://registry.npmmirror.com/jest-util/-/jest-util-29.7.0.tgz 0ms (cache hit)
1745 http cache supports-color@https://registry.npmmirror.com/supports-color/-/supports-color-7.2.0.tgz 0ms (cache hit)
1746 http cache @jest/schemas@https://registry.npmmirror.com/@jest/schemas/-/schemas-29.6.3.tgz 0ms (cache hit)
1747 http cache @types/istanbul-lib-coverage@https://registry.npmmirror.com/@types/istanbul-lib-coverage/-/istanbul-lib-coverage-2.0.6.tgz 0ms (cache hit)
1748 http cache jest-message-util@https://registry.npmmirror.com/jest-message-util/-/jest-message-util-29.7.0.tgz 0ms (cache hit)
1749 http cache @types/node@https://registry.npmmirror.com/@types/node/-/node-25.0.3.tgz 0ms (cache hit)
1750 http cache @sinonjs/fake-timers@https://registry.npmmirror.com/@sinonjs/fake-timers/-/fake-timers-10.3.0.tgz 0ms (cache hit)
1751 http cache @jest/fake-timers@https://registry.npmmirror.com/@jest/fake-timers/-/fake-timers-29.7.0.tgz 0ms (cache hit)
1752 http cache expect@https://registry.npmmirror.com/expect/-/expect-29.7.0.tgz 0ms (cache hit)
1753 http cache @types/istanbul-reports@https://registry.npmmirror.com/@types/istanbul-reports/-/istanbul-reports-3.0.4.tgz 0ms (cache hit)
1754 http cache jest-snapshot@https://registry.npmmirror.com/jest-snapshot/-/jest-snapshot-29.7.0.tgz 0ms (cache hit)
1755 http cache jest-mock@https://registry.npmmirror.com/jest-mock/-/jest-mock-29.7.0.tgz 0ms (cache hit)
1756 http cache @jest/types@https://registry.npmmirror.com/@jest/types/-/types-29.6.3.tgz 0ms (cache hit)
1757 http cache jest@https://registry.npmmirror.com/jest/-/jest-29.7.0.tgz 0ms (cache hit)
1758 http cache @jest/environment@https://registry.npmmirror.com/@jest/environment/-/environment-29.7.0.tgz 0ms (cache hit)
1759 http cache fast-check@https://registry.npmmirror.com/fast-check/-/fast-check-3.23.2.tgz 0ms (cache hit)
1760 http cache @jest/expect@https://registry.npmmirror.com/@jest/expect/-/expect-29.7.0.tgz 0ms (cache hit)
1761 http cache @jest/globals@https://registry.npmmirror.com/@jest/globals/-/globals-29.7.0.tgz 0ms (cache hit)
1762 http cache p-limit@https://registry.npmmirror.com/p-limit/-/p-limit-2.3.0.tgz 0ms (cache hit)
1763 http cache supports-color@https://registry.npmmirror.com/supports-color/-/supports-color-8.1.1.tgz 0ms (cache hit)
1764 http cache istanbul-lib-instrument@https://registry.npmmirror.com/istanbul-lib-instrument/-/istanbul-lib-instrument-5.2.1.tgz 0ms (cache hit)
1765 http cache semver@https://registry.npmmirror.com/semver/-/semver-7.7.3.tgz 0ms (cache hit)
1766 http cache ansi-styles@https://registry.npmmirror.com/ansi-styles/-/ansi-styles-5.2.0.tgz 0ms (cache hit)
1767 http cache camelcase@https://registry.npmmirror.com/camelcase/-/camelcase-6.3.0.tgz 0ms (cache hit)
1768 silly tarball no local data for p-try@https://registry.npmmirror.com/p-try/-/p-try-2.2.0.tgz. Extracting by manifest.
1769 silly tarball no local data for is-fullwidth-code-point@https://registry.npmmirror.com/is-fullwidth-code-point/-/is-fullwidth-code-point-3.0.0.tgz. Extracting by manifest.
1770 silly tarball no local data for emoji-regex@https://registry.npmmirror.com/emoji-regex/-/emoji-regex-8.0.0.tgz. Extracting by manifest.
1771 silly tarball no local data for wrap-ansi@https://registry.npmmirror.com/wrap-ansi/-/wrap-ansi-7.0.0.tgz. Extracting by manifest.
1772 silly tarball no local data for y18n@https://registry.npmmirror.com/y18n/-/y18n-5.0.8.tgz. Extracting by manifest.
1773 silly tarball no local data for yargs-parser@https://registry.npmmirror.com/yargs-parser/-/yargs-parser-21.1.1.tgz. Extracting by manifest.
1774 silly tarball no local data for string-width@https://registry.npmmirror.com/string-width/-/string-width-4.2.3.tgz. Extracting by manifest.
1775 silly tarball no local data for get-caller-file@https://registry.npmmirror.com/get-caller-file/-/get-caller-file-2.0.5.tgz. Extracting by manifest.
1776 http cache semver@https://registry.npmmirror.com/semver/-/semver-7.7.3.tgz 0ms (cache hit)
1777 silly tarball no local data for require-directory@https://registry.npmmirror.com/require-directory/-/require-directory-2.1.1.tgz. Extracting by manifest.
1778 silly tarball no local data for cliui@https://registry.npmmirror.com/cliui/-/cliui-8.0.1.tgz. Extracting by manifest.
1779 silly tarball no local data for imurmurhash@https://registry.npmmirror.com/imurmurhash/-/imurmurhash-0.1.4.tgz. Extracting by manifest.
1780 silly tarball no local data for tmpl@https://registry.npmmirror.com/tmpl/-/tmpl-1.0.5.tgz. Extracting by manifest.
1781 silly tarball no local data for isexe@https://registry.npmmirror.com/isexe/-/isexe-2.0.0.tgz. Extracting by manifest.
1782 silly tarball no local data for makeerror@https://registry.npmmirror.com/makeerror/-/makeerror-1.0.12.tgz. Extracting by manifest.
1783 silly tarball no local data for escalade@https://registry.npmmirror.com/escalade/-/escalade-3.2.0.tgz. Extracting by manifest.
1784 silly tarball no local data for is-number@https://registry.npmmirror.com/is-number/-/is-number-7.0.0.tgz. Extracting by manifest.
1785 silly tarball no local data for has-flag@https://registry.npmmirror.com/has-flag/-/has-flag-4.0.0.tgz. Extracting by manifest.
1786 silly tarball no local data for ansi-regex@https://registry.npmmirror.com/ansi-regex/-/ansi-regex-5.0.1.tgz. Extracting by manifest.
1787 silly tarball no local data for char-regex@https://registry.npmmirror.com/char-regex/-/char-regex-1.0.2.tgz. Extracting by manifest.
1788 silly tarball no local data for escape-string-regexp@https://registry.npmmirror.com/escape-string-regexp/-/escape-string-regexp-2.0.0.tgz. Extracting by manifest.
1789 silly tarball no local data for buffer-from@https://registry.npmmirror.com/buffer-from/-/buffer-from-1.1.2.tgz. Extracting by manifest.
1790 silly tarball no local data for shebang-regex@https://registry.npmmirror.com/shebang-regex/-/shebang-regex-3.0.0.tgz. Extracting by manifest.
1791 silly tarball no local data for function-bind@https://registry.npmmirror.com/function-bind/-/function-bind-1.1.2.tgz. Extracting by manifest.
1792 silly tarball no local data for hasown@https://registry.npmmirror.com/hasown/-/hasown-2.0.2.tgz. Extracting by manifest.
1793 silly tarball no local data for path-parse@https://registry.npmmirror.com/path-parse/-/path-parse-1.0.7.tgz. Extracting by manifest.
1794 silly tarball no local data for supports-preserve-symlinks-flag@https://registry.npmmirror.com/supports-preserve-symlinks-flag/-/supports-preserve-symlinks-flag-1.0.0.tgz. Extracting by manifest.
1795 silly tarball no local data for is-core-module@https://registry.npmmirror.com/is-core-module/-/is-core-module-2.16.1.tgz. Extracting by manifest.
1796 silly tarball no local data for sisteransi@https://registry.npmmirror.com/sisteransi/-/sisteransi-1.0.5.tgz. Extracting by manifest.
1797 silly tarball no local data for kleur@https://registry.npmmirror.com/kleur/-/kleur-3.0.3.tgz. Extracting by manifest.
1798 silly tarball no local data for react-is@https://registry.npmmirror.com/react-is/-/react-is-18.3.1.tgz. Extracting by manifest.
1799 silly tarball no local data for is-arrayish@https://registry.npmmirror.com/is-arrayish/-/is-arrayish-0.2.1.tgz. Extracting by manifest.
1800 silly tarball no local data for json-parse-even-better-errors@https://registry.npmmirror.com/json-parse-even-better-errors/-/json-parse-even-better-errors-2.3.1.tgz. Extracting by manifest.
1801 silly tarball no local data for error-ex@https://registry.npmmirror.com/error-ex/-/error-ex-1.3.4.tgz. Extracting by manifest.
1802 silly tarball no local data for lines-and-columns@https://registry.npmmirror.com/lines-and-columns/-/lines-and-columns-1.2.4.tgz. Extracting by manifest.
1803 silly tarball no local data for yocto-queue@https://registry.npmmirror.com/yocto-queue/-/yocto-queue-0.1.0.tgz. Extracting by manifest.
1804 silly tarball no local data for mimic-fn@https://registry.npmmirror.com/mimic-fn/-/mimic-fn-2.1.0.tgz. Extracting by manifest.
1805 silly tarball no local data for balanced-match@https://registry.npmmirror.com/balanced-match/-/balanced-match-1.0.2.tgz. Extracting by manifest.
1806 silly tarball no local data for concat-map@https://registry.npmmirror.com/concat-map/-/concat-map-0.0.1.tgz. Extracting by manifest.
1807 silly tarball no local data for brace-expansion@https://registry.npmmirror.com/brace-expansion/-/brace-expansion-1.1.12.tgz. Extracting by manifest.
1808 silly tarball no local data for to-regex-range@https://registry.npmmirror.com/to-regex-range/-/to-regex-range-5.0.1.tgz. Extracting by manifest.
1809 silly tarball no local data for fill-range@https://registry.npmmirror.com/fill-range/-/fill-range-7.1.1.tgz. Extracting by manifest.
1810 silly tarball no local data for braces@https://registry.npmmirror.com/braces/-/braces-3.0.3.tgz. Extracting by manifest.
1811 silly tarball no local data for sprintf-js@https://registry.npmmirror.com/sprintf-js/-/sprintf-js-1.0.3.tgz. Extracting by manifest.
1812 silly tarball no local data for yallist@https://registry.npmmirror.com/yallist/-/yallist-3.1.1.tgz. Extracting by manifest.
1813 silly tarball no local data for esprima@https://registry.npmmirror.com/esprima/-/esprima-4.0.1.tgz. Extracting by manifest.
1814 silly tarball no local data for p-locate@https://registry.npmmirror.com/p-locate/-/p-locate-4.1.0.tgz. Extracting by manifest.
1815 silly tarball no local data for argparse@https://registry.npmmirror.com/argparse/-/argparse-1.0.10.tgz. Extracting by manifest.
1816 silly tarball no local data for @babel/plugin-syntax-typescript@https://registry.npmmirror.com/@babel/plugin-syntax-typescript/-/plugin-syntax-typescript-7.27.1.tgz. Extracting by manifest.
1817 silly tarball no local data for leven@https://registry.npmmirror.com/leven/-/leven-3.1.0.tgz. Extracting by manifest.
1818 silly tarball no local data for @babel/plugin-syntax-jsx@https://registry.npmmirror.com/@babel/plugin-syntax-jsx/-/plugin-syntax-jsx-7.27.1.tgz. Extracting by manifest.
1819 http cache semver@https://registry.npmmirror.com/semver/-/semver-7.7.3.tgz 0ms (cache hit)
1820 silly tarball no local data for natural-compare@https://registry.npmmirror.com/natural-compare/-/natural-compare-1.4.0.tgz. Extracting by manifest.
1821 silly tarball no local data for @jest/source-map@https://registry.npmmirror.com/@jest/source-map/-/source-map-29.6.3.tgz. Extracting by manifest.
1822 silly tarball no local data for callsites@https://registry.npmmirror.com/callsites/-/callsites-3.1.0.tgz. Extracting by manifest.
1823 silly tarball no local data for source-map-support@https://registry.npmmirror.com/source-map-support/-/source-map-support-0.5.13.tgz. Extracting by manifest.
1824 silly tarball no local data for cjs-module-lexer@https://registry.npmmirror.com/cjs-module-lexer/-/cjs-module-lexer-1.4.3.tgz. Extracting by manifest.
1825 silly tarball no local data for detect-newline@https://registry.npmmirror.com/detect-newline/-/detect-newline-3.1.0.tgz. Extracting by manifest.
1826 silly tarball no local data for strip-bom@https://registry.npmmirror.com/strip-bom/-/strip-bom-4.0.0.tgz. Extracting by manifest.
1827 silly tarball no local data for jest-leak-detector@https://registry.npmmirror.com/jest-leak-detector/-/jest-leak-detector-29.7.0.tgz. Extracting by manifest.
1828 silly tarball no local data for jest-docblock@https://registry.npmmirror.com/jest-docblock/-/jest-docblock-29.7.0.tgz. Extracting by manifest.
1829 silly tarball no local data for emittery@https://registry.npmmirror.com/emittery/-/emittery-0.13.1.tgz. Extracting by manifest.
1830 silly tarball no local data for resolve.exports@https://registry.npmmirror.com/resolve.exports/-/resolve.exports-2.0.3.tgz. Extracting by manifest.
1831 silly tarball no local data for resolve@https://registry.npmmirror.com/resolve/-/resolve-1.22.11.tgz. Extracting by manifest.
1832 silly tarball no local data for jest-pnp-resolver@https://registry.npmmirror.com/jest-pnp-resolver/-/jest-pnp-resolver-1.2.3.tgz. Extracting by manifest.
1833 silly tarball no local data for diff-sequences@https://registry.npmmirror.com/diff-sequences/-/diff-sequences-29.6.3.tgz. Extracting by manifest.
1834 silly tarball no local data for @types/stack-utils@https://registry.npmmirror.com/@types/stack-utils/-/stack-utils-2.0.3.tgz. Extracting by manifest.
1835 silly tarball no local data for jest-diff@https://registry.npmmirror.com/jest-diff/-/jest-diff-29.7.0.tgz. Extracting by manifest.
1836 silly tarball no local data for node-int64@https://registry.npmmirror.com/node-int64/-/node-int64-0.4.0.tgz. Extracting by manifest.
1837 silly tarball no local data for bser@https://registry.npmmirror.com/bser/-/bser-2.1.1.tgz. Extracting by manifest.
1838 silly tarball no local data for picomatch@https://registry.npmmirror.com/picomatch/-/picomatch-2.3.1.tgz. Extracting by manifest.
1839 silly tarball no local data for normalize-path@https://registry.npmmirror.com/normalize-path/-/normalize-path-3.0.0.tgz. Extracting by manifest.
1840 silly tarball no local data for fb-watchman@https://registry.npmmirror.com/fb-watchman/-/fb-watchman-2.0.2.tgz. Extracting by manifest.
1841 silly tarball no local data for @types/graceful-fs@https://registry.npmmirror.com/@types/graceful-fs/-/graceful-fs-4.1.9.tgz. Extracting by manifest.
1842 silly tarball no local data for walker@https://registry.npmmirror.com/walker/-/walker-1.0.8.tgz. Extracting by manifest.
1843 silly tarball no local data for anymatch@https://registry.npmmirror.com/anymatch/-/anymatch-3.1.3.tgz. Extracting by manifest.
1844 silly tarball no local data for jest-each@https://registry.npmmirror.com/jest-each/-/jest-each-29.7.0.tgz. Extracting by manifest.
1845 silly tarball no local data for stack-utils@https://registry.npmmirror.com/stack-utils/-/stack-utils-2.0.6.tgz. Extracting by manifest.
1846 silly tarball no local data for @babel/plugin-syntax-top-level-await@https://registry.npmmirror.com/@babel/plugin-syntax-top-level-await/-/plugin-syntax-top-level-await-7.14.5.tgz. Extracting by manifest.
1847 silly tarball no local data for @babel/plugin-syntax-private-property-in-object@https://registry.npmmirror.com/@babel/plugin-syntax-private-property-in-object/-/plugin-syntax-private-property-in-object-7.14.5.tgz. Extracting by manifest.
1848 silly tarball no local data for @babel/plugin-syntax-optional-chaining@https://registry.npmmirror.com/@babel/plugin-syntax-optional-chaining/-/plugin-syntax-optional-chaining-7.8.3.tgz. Extracting by manifest.
1849 silly tarball no local data for @babel/plugin-syntax-optional-catch-binding@https://registry.npmmirror.com/@babel/plugin-syntax-optional-catch-binding/-/plugin-syntax-optional-catch-binding-7.8.3.tgz. Extracting by manifest.
1850 silly tarball no local data for is-generator-fn@https://registry.npmmirror.com/is-generator-fn/-/is-generator-fn-2.1.0.tgz. Extracting by manifest.
1851 silly tarball no local data for @babel/plugin-syntax-object-rest-spread@https://registry.npmmirror.com/@babel/plugin-syntax-object-rest-spread/-/plugin-syntax-object-rest-spread-7.8.3.tgz. Extracting by manifest.
1852 silly tarball no local data for dedent@https://registry.npmmirror.com/dedent/-/dedent-1.7.1.tgz. Extracting by manifest.
1853 silly tarball no local data for co@https://registry.npmmirror.com/co/-/co-4.6.0.tgz. Extracting by manifest.
1854 silly tarball no local data for @babel/plugin-syntax-nullish-coalescing-operator@https://registry.npmmirror.com/@babel/plugin-syntax-nullish-coalescing-operator/-/plugin-syntax-nullish-coalescing-operator-7.8.3.tgz. Extracting by manifest.
1855 silly tarball no local data for @babel/plugin-syntax-logical-assignment-operators@https://registry.npmmirror.com/@babel/plugin-syntax-logical-assignment-operators/-/plugin-syntax-logical-assignment-operators-7.10.4.tgz. Extracting by manifest.
1856 silly tarball no local data for @babel/plugin-syntax-json-strings@https://registry.npmmirror.com/@babel/plugin-syntax-json-strings/-/plugin-syntax-json-strings-7.8.3.tgz. Extracting by manifest.
1857 silly tarball no local data for @babel/plugin-syntax-numeric-separator@https://registry.npmmirror.com/@babel/plugin-syntax-numeric-separator/-/plugin-syntax-numeric-separator-7.10.4.tgz. Extracting by manifest.
1858 silly tarball no local data for @babel/plugin-syntax-import-meta@https://registry.npmmirror.com/@babel/plugin-syntax-import-meta/-/plugin-syntax-import-meta-7.10.4.tgz. Extracting by manifest.
1859 silly tarball no local data for @babel/plugin-syntax-import-attributes@https://registry.npmmirror.com/@babel/plugin-syntax-import-attributes/-/plugin-syntax-import-attributes-7.27.1.tgz. Extracting by manifest.
1860 silly tarball no local data for @babel/plugin-syntax-class-static-block@https://registry.npmmirror.com/@babel/plugin-syntax-class-static-block/-/plugin-syntax-class-static-block-7.14.5.tgz. Extracting by manifest.
1861 silly tarball no local data for @babel/plugin-syntax-class-properties@https://registry.npmmirror.com/@babel/plugin-syntax-class-properties/-/plugin-syntax-class-properties-7.12.13.tgz. Extracting by manifest.
1862 silly tarball no local data for babel-preset-current-node-syntax@https://registry.npmmirror.com/babel-preset-current-node-syntax/-/babel-preset-current-node-syntax-1.2.0.tgz. Extracting by manifest.
1863 silly tarball no local data for @babel/plugin-syntax-async-generators@https://registry.npmmirror.com/@babel/plugin-syntax-async-generators/-/plugin-syntax-async-generators-7.8.4.tgz. Extracting by manifest.
1864 silly tarball no local data for @types/babel__traverse@https://registry.npmmirror.com/@types/babel__traverse/-/babel__traverse-7.28.0.tgz. Extracting by manifest.
1865 silly tarball no local data for @babel/plugin-syntax-bigint@https://registry.npmmirror.com/@babel/plugin-syntax-bigint/-/plugin-syntax-bigint-7.8.3.tgz. Extracting by manifest.
1866 silly tarball no local data for babel-plugin-jest-hoist@https://registry.npmmirror.com/babel-plugin-jest-hoist/-/babel-plugin-jest-hoist-29.6.3.tgz. Extracting by manifest.
1867 silly tarball no local data for babel-preset-jest@https://registry.npmmirror.com/babel-preset-jest/-/babel-preset-jest-29.6.3.tgz. Extracting by manifest.
1868 silly tarball no local data for @types/babel__template@https://registry.npmmirror.com/@types/babel__template/-/babel__template-7.4.4.tgz. Extracting by manifest.
1869 silly tarball no local data for @types/babel__core@https://registry.npmmirror.com/@types/babel__core/-/babel__core-7.20.5.tgz. Extracting by manifest.
1870 silly tarball no local data for strip-json-comments@https://registry.npmmirror.com/strip-json-comments/-/strip-json-comments-3.1.1.tgz. Extracting by manifest.
1871 silly tarball no local data for jest-environment-node@https://registry.npmmirror.com/jest-environment-node/-/jest-environment-node-29.7.0.tgz. Extracting by manifest.
1872 silly tarball no local data for @types/babel__generator@https://registry.npmmirror.com/@types/babel__generator/-/babel__generator-7.27.0.tgz. Extracting by manifest.
1873 silly tarball no local data for @jest/test-sequencer@https://registry.npmmirror.com/@jest/test-sequencer/-/test-sequencer-29.7.0.tgz. Extracting by manifest.
1874 silly tarball no local data for jest-circus@https://registry.npmmirror.com/jest-circus/-/jest-circus-29.7.0.tgz. Extracting by manifest.
1875 silly tarball no local data for deepmerge@https://registry.npmmirror.com/deepmerge/-/deepmerge-4.3.1.tgz. Extracting by manifest.
1876 silly tarball no local data for babel-jest@https://registry.npmmirror.com/babel-jest/-/babel-jest-29.7.0.tgz. Extracting by manifest.
1877 silly tarball no local data for prompts@https://registry.npmmirror.com/prompts/-/prompts-2.4.2.tgz. Extracting by manifest.
1878 silly tarball no local data for yargs@https://registry.npmmirror.com/yargs/-/yargs-17.7.2.tgz. Extracting by manifest.
1879 silly tarball no local data for create-jest@https://registry.npmmirror.com/create-jest/-/create-jest-29.7.0.tgz. Extracting by manifest.
1880 silly tarball no local data for which@https://registry.npmmirror.com/which/-/which-2.0.2.tgz. Extracting by manifest.
1881 silly tarball no local data for parse-json@https://registry.npmmirror.com/parse-json/-/parse-json-5.2.0.tgz. Extracting by manifest.
1882 silly tarball no local data for strip-final-newline@https://registry.npmmirror.com/strip-final-newline/-/strip-final-newline-2.0.0.tgz. Extracting by manifest.
1883 silly tarball no local data for path-key@https://registry.npmmirror.com/path-key/-/path-key-3.1.1.tgz. Extracting by manifest.
1884 silly tarball no local data for shebang-command@https://registry.npmmirror.com/shebang-command/-/shebang-command-2.0.0.tgz. Extracting by manifest.
1885 silly tarball no local data for signal-exit@https://registry.npmmirror.com/signal-exit/-/signal-exit-3.0.7.tgz. Extracting by manifest.
1886 silly tarball no local data for merge-stream@https://registry.npmmirror.com/merge-stream/-/merge-stream-2.0.0.tgz. Extracting by manifest.
1887 silly tarball no local data for onetime@https://registry.npmmirror.com/onetime/-/onetime-5.1.2.tgz. Extracting by manifest.
1888 silly tarball no local data for npm-run-path@https://registry.npmmirror.com/npm-run-path/-/npm-run-path-4.0.1.tgz. Extracting by manifest.
1889 silly tarball no local data for is-stream@https://registry.npmmirror.com/is-stream/-/is-stream-2.0.1.tgz. Extracting by manifest.
1890 silly tarball no local data for get-stream@https://registry.npmmirror.com/get-stream/-/get-stream-6.0.1.tgz. Extracting by manifest.
1891 silly tarball no local data for p-limit@https://registry.npmmirror.com/p-limit/-/p-limit-3.1.0.tgz. Extracting by manifest.
1892 silly tarball no local data for human-signals@https://registry.npmmirror.com/human-signals/-/human-signals-2.1.0.tgz. Extracting by manifest.
1893 silly tarball no local data for cross-spawn@https://registry.npmmirror.com/cross-spawn/-/cross-spawn-7.0.6.tgz. Extracting by manifest.
1894 silly tarball no local data for execa@https://registry.npmmirror.com/execa/-/execa-5.1.1.tgz. Extracting by manifest.
1895 silly tarball no local data for html-escaper@https://registry.npmmirror.com/html-escaper/-/html-escaper-2.0.2.tgz. Extracting by manifest.
1896 silly tarball no local data for source-map@https://registry.npmmirror.com/source-map/-/source-map-0.6.1.tgz. Extracting by manifest.
1897 silly tarball no local data for make-dir@https://registry.npmmirror.com/make-dir/-/make-dir-4.0.0.tgz. Extracting by manifest.
1898 silly tarball no local data for wrappy@https://registry.npmmirror.com/wrappy/-/wrappy-1.0.2.tgz. Extracting by manifest.
1899 silly tarball no local data for pkg-dir@https://registry.npmmirror.com/pkg-dir/-/pkg-dir-4.2.0.tgz. Extracting by manifest.
1900 silly tarball no local data for path-is-absolute@https://registry.npmmirror.com/path-is-absolute/-/path-is-absolute-1.0.1.tgz. Extracting by manifest.
1901 silly tarball no local data for once@https://registry.npmmirror.com/once/-/once-1.4.0.tgz. Extracting by manifest.
1902 silly tarball no local data for minimatch@https://registry.npmmirror.com/minimatch/-/minimatch-3.1.2.tgz. Extracting by manifest.
1903 silly tarball no local data for resolve-cwd@https://registry.npmmirror.com/resolve-cwd/-/resolve-cwd-3.0.0.tgz. Extracting by manifest.
1904 silly tarball no local data for inherits@https://registry.npmmirror.com/inherits/-/inherits-2.0.4.tgz. Extracting by manifest.
1905 silly tarball no local data for fs.realpath@https://registry.npmmirror.com/fs.realpath/-/fs.realpath-1.0.0.tgz. Extracting by manifest.
1906 silly tarball no local data for inflight@https://registry.npmmirror.com/inflight/-/inflight-1.0.6.tgz. Extracting by manifest.
1907 silly tarball no local data for ms@https://registry.npmmirror.com/ms/-/ms-2.1.3.tgz. Extracting by manifest.
1908 silly tarball no local data for path-exists@https://registry.npmmirror.com/path-exists/-/path-exists-4.0.0.tgz. Extracting by manifest.
1909 silly tarball no local data for locate-path@https://registry.npmmirror.com/locate-path/-/locate-path-5.0.0.tgz. Extracting by manifest.
1910 silly tarball no local data for electron-to-chromium@https://registry.npmmirror.com/electron-to-chromium/-/electron-to-chromium-1.5.267.tgz. Extracting by manifest.
1911 silly tarball no local data for update-browserslist-db@https://registry.npmmirror.com/update-browserslist-db/-/update-browserslist-db-1.2.3.tgz. Extracting by manifest.
1912 silly tarball no local data for caniuse-lite@https://registry.npmmirror.com/caniuse-lite/-/caniuse-lite-1.0.30001761.tgz. Extracting by manifest.
1913 silly tarball no local data for baseline-browser-mapping@https://registry.npmmirror.com/baseline-browser-mapping/-/baseline-browser-mapping-2.9.11.tgz. Extracting by manifest.
1914 silly tarball no local data for resolve-from@https://registry.npmmirror.com/resolve-from/-/resolve-from-5.0.0.tgz. Extracting by manifest.
1915 silly tarball no local data for js-yaml@https://registry.npmmirror.com/js-yaml/-/js-yaml-3.14.2.tgz. Extracting by manifest.
1916 silly tarball no local data for node-releases@https://registry.npmmirror.com/node-releases/-/node-releases-2.0.27.tgz. Extracting by manifest.
1917 silly tarball no local data for get-package-type@https://registry.npmmirror.com/get-package-type/-/get-package-type-0.1.0.tgz. Extracting by manifest.
1918 silly tarball no local data for find-up@https://registry.npmmirror.com/find-up/-/find-up-4.1.0.tgz. Extracting by manifest.
1919 silly tarball no local data for @istanbuljs/schema@https://registry.npmmirror.com/@istanbuljs/schema/-/schema-0.1.3.tgz. Extracting by manifest.
1920 silly tarball no local data for test-exclude@https://registry.npmmirror.com/test-exclude/-/test-exclude-6.0.0.tgz. Extracting by manifest.
1921 silly tarball no local data for @istanbuljs/load-nyc-config@https://registry.npmmirror.com/@istanbuljs/load-nyc-config/-/load-nyc-config-1.1.0.tgz. Extracting by manifest.
1922 silly tarball no local data for camelcase@https://registry.npmmirror.com/camelcase/-/camelcase-5.3.1.tgz. Extracting by manifest.
1923 silly tarball no local data for @babel/helper-plugin-utils@https://registry.npmmirror.com/@babel/helper-plugin-utils/-/helper-plugin-utils-7.27.1.tgz. Extracting by manifest.
1924 silly tarball no local data for type-fest@https://registry.npmmirror.com/type-fest/-/type-fest-0.21.3.tgz. Extracting by manifest.
1925 silly tarball no local data for @babel/helper-globals@https://registry.npmmirror.com/@babel/helper-globals/-/helper-globals-7.28.0.tgz. Extracting by manifest.
1926 silly tarball no local data for @jridgewell/resolve-uri@https://registry.npmmirror.com/@jridgewell/resolve-uri/-/resolve-uri-3.1.2.tgz. Extracting by manifest.
1927 silly tarball no local data for @babel/helper-module-imports@https://registry.npmmirror.com/@babel/helper-module-imports/-/helper-module-imports-7.27.1.tgz. Extracting by manifest.
1928 silly tarball no local data for @jridgewell/sourcemap-codec@https://registry.npmmirror.com/@jridgewell/sourcemap-codec/-/sourcemap-codec-1.5.5.tgz. Extracting by manifest.
1929 silly tarball no local data for @babel/helper-validator-option@https://registry.npmmirror.com/@babel/helper-validator-option/-/helper-validator-option-7.27.1.tgz. Extracting by manifest.
1930 silly tarball no local data for @babel/compat-data@https://registry.npmmirror.com/@babel/compat-data/-/compat-data-7.28.5.tgz. Extracting by manifest.
1931 silly tarball no local data for browserslist@https://registry.npmmirror.com/browserslist/-/browserslist-4.28.1.tgz. Extracting by manifest.
1932 silly tarball no local data for lru-cache@https://registry.npmmirror.com/lru-cache/-/lru-cache-5.1.1.tgz. Extracting by manifest.
1933 silly tarball no local data for @jridgewell/gen-mapping@https://registry.npmmirror.com/@jridgewell/gen-mapping/-/gen-mapping-0.3.13.tgz. Extracting by manifest.
1934 silly tarball no local data for @babel/helper-validator-identifier@https://registry.npmmirror.com/@babel/helper-validator-identifier/-/helper-validator-identifier-7.28.5.tgz. Extracting by manifest.
1935 silly tarball no local data for jsesc@https://registry.npmmirror.com/jsesc/-/jsesc-3.1.0.tgz. Extracting by manifest.
1936 silly tarball no local data for picocolors@https://registry.npmmirror.com/picocolors/-/picocolors-1.1.1.tgz. Extracting by manifest.
1937 silly tarball no local data for js-tokens@https://registry.npmmirror.com/js-tokens/-/js-tokens-4.0.0.tgz. Extracting by manifest.
1938 silly tarball no local data for semver@https://registry.npmmirror.com/semver/-/semver-6.3.1.tgz. Extracting by manifest.
1939 silly tarball no local data for @jridgewell/remapping@https://registry.npmmirror.com/@jridgewell/remapping/-/remapping-2.3.5.tgz. Extracting by manifest.
1940 silly tarball no local data for @babel/helper-string-parser@https://registry.npmmirror.com/@babel/helper-string-parser/-/helper-string-parser-7.27.1.tgz. Extracting by manifest.
1941 silly tarball no local data for json5@https://registry.npmmirror.com/json5/-/json5-2.2.3.tgz. Extracting by manifest.
1942 silly tarball no local data for @babel/types@https://registry.npmmirror.com/@babel/types/-/types-7.28.5.tgz. Extracting by manifest.
1943 silly tarball no local data for gensync@https://registry.npmmirror.com/gensync/-/gensync-1.0.0-beta.2.tgz. Extracting by manifest.
1944 silly tarball no local data for @babel/template@https://registry.npmmirror.com/@babel/template/-/template-7.27.2.tgz. Extracting by manifest.
1945 silly tarball no local data for debug@https://registry.npmmirror.com/debug/-/debug-4.4.3.tgz. Extracting by manifest.
1946 silly tarball no local data for @babel/helpers@https://registry.npmmirror.com/@babel/helpers/-/helpers-7.28.4.tgz. Extracting by manifest.
1947 silly tarball no local data for @babel/traverse@https://registry.npmmirror.com/@babel/traverse/-/traverse-7.28.5.tgz. Extracting by manifest.
1948 silly tarball no local data for @babel/helper-module-transforms@https://registry.npmmirror.com/@babel/helper-module-transforms/-/helper-module-transforms-7.28.3.tgz. Extracting by manifest.
1949 silly tarball no local data for @babel/parser@https://registry.npmmirror.com/@babel/parser/-/parser-7.28.5.tgz. Extracting by manifest.
1950 silly tarball no local data for write-file-atomic@https://registry.npmmirror.com/write-file-atomic/-/write-file-atomic-4.0.2.tgz. Extracting by manifest.
1951 silly tarball no local data for @babel/helper-compilation-targets@https://registry.npmmirror.com/@babel/helper-compilation-targets/-/helper-compilation-targets-7.27.2.tgz. Extracting by manifest.
1952 silly tarball no local data for pirates@https://registry.npmmirror.com/pirates/-/pirates-4.0.7.tgz. Extracting by manifest.
1953 silly tarball no local data for @babel/generator@https://registry.npmmirror.com/@babel/generator/-/generator-7.28.5.tgz. Extracting by manifest.
1954 silly tarball no local data for @babel/code-frame@https://registry.npmmirror.com/@babel/code-frame/-/code-frame-7.27.1.tgz. Extracting by manifest.
1955 silly tarball no local data for @babel/core@https://registry.npmmirror.com/@babel/core/-/core-7.28.5.tgz. Extracting by manifest.
1956 silly tarball no local data for fast-json-stable-stringify@https://registry.npmmirror.com/fast-json-stable-stringify/-/fast-json-stable-stringify-2.1.0.tgz. Extracting by manifest.
1957 silly tarball no local data for convert-source-map@https://registry.npmmirror.com/convert-source-map/-/convert-source-map-2.0.0.tgz. Extracting by manifest.
1958 silly tarball no local data for v8-to-istanbul@https://registry.npmmirror.com/v8-to-istanbul/-/v8-to-istanbul-9.3.0.tgz. Extracting by manifest.
1959 silly tarball no local data for babel-plugin-istanbul@https://registry.npmmirror.com/babel-plugin-istanbul/-/babel-plugin-istanbul-6.1.1.tgz. Extracting by manifest.
1960 silly tarball no local data for string-length@https://registry.npmmirror.com/string-length/-/string-length-4.0.2.tgz. Extracting by manifest.
1961 silly tarball no local data for jest-worker@https://registry.npmmirror.com/jest-worker/-/jest-worker-29.7.0.tgz. Extracting by manifest.
1962 silly tarball no local data for istanbul-lib-source-maps@https://registry.npmmirror.com/istanbul-lib-source-maps/-/istanbul-lib-source-maps-4.0.1.tgz. Extracting by manifest.
1963 silly tarball no local data for istanbul-reports@https://registry.npmmirror.com/istanbul-reports/-/istanbul-reports-3.2.0.tgz. Extracting by manifest.
1964 silly tarball no local data for istanbul-lib-report@https://registry.npmmirror.com/istanbul-lib-report/-/istanbul-lib-report-3.0.1.tgz. Extracting by manifest.
1965 silly tarball no local data for istanbul-lib-instrument@https://registry.npmmirror.com/istanbul-lib-instrument/-/istanbul-lib-instrument-6.0.3.tgz. Extracting by manifest.
1966 silly tarball no local data for @jridgewell/trace-mapping@https://registry.npmmirror.com/@jridgewell/trace-mapping/-/trace-mapping-0.3.31.tgz. Extracting by manifest.
1967 silly tarball no local data for istanbul-lib-coverage@https://registry.npmmirror.com/istanbul-lib-coverage/-/istanbul-lib-coverage-3.2.2.tgz. Extracting by manifest.
1968 silly tarball no local data for collect-v8-coverage@https://registry.npmmirror.com/collect-v8-coverage/-/collect-v8-coverage-1.0.3.tgz. Extracting by manifest.
1969 silly tarball no local data for glob@https://registry.npmmirror.com/glob/-/glob-7.2.3.tgz. Extracting by manifest.
1970 silly tarball no local data for @bcoe/v8-coverage@https://registry.npmmirror.com/@bcoe/v8-coverage/-/v8-coverage-0.2.3.tgz. Extracting by manifest.
1971 silly tarball no local data for strip-ansi@https://registry.npmmirror.com/strip-ansi/-/strip-ansi-6.0.1.tgz. Extracting by manifest.
1972 silly tarball no local data for pretty-format@https://registry.npmmirror.com/pretty-format/-/pretty-format-29.7.0.tgz. Extracting by manifest.
1973 silly tarball no local data for slash@https://registry.npmmirror.com/slash/-/slash-3.0.0.tgz. Extracting by manifest.
1974 silly tarball no local data for micromatch@https://registry.npmmirror.com/micromatch/-/micromatch-4.0.8.tgz. Extracting by manifest.
1975 silly tarball no local data for jest-validate@https://registry.npmmirror.com/jest-validate/-/jest-validate-29.7.0.tgz. Extracting by manifest.
1976 silly tarball no local data for jest-watcher@https://registry.npmmirror.com/jest-watcher/-/jest-watcher-29.7.0.tgz. Extracting by manifest.
1977 silly tarball no local data for jest-runtime@https://registry.npmmirror.com/jest-runtime/-/jest-runtime-29.7.0.tgz. Extracting by manifest.
1978 silly tarball no local data for jest-runner@https://registry.npmmirror.com/jest-runner/-/jest-runner-29.7.0.tgz. Extracting by manifest.
1979 silly tarball no local data for jest-resolve-dependencies@https://registry.npmmirror.com/jest-resolve-dependencies/-/jest-resolve-dependencies-29.7.0.tgz. Extracting by manifest.
1980 silly tarball no local data for jest-haste-map@https://registry.npmmirror.com/jest-haste-map/-/jest-haste-map-29.7.0.tgz. Extracting by manifest.
1981 silly tarball no local data for jest-config@https://registry.npmmirror.com/jest-config/-/jest-config-29.7.0.tgz. Extracting by manifest.
1982 silly tarball no local data for jest-resolve@https://registry.npmmirror.com/jest-resolve/-/jest-resolve-29.7.0.tgz. Extracting by manifest.
1983 silly tarball no local data for jest-changed-files@https://registry.npmmirror.com/jest-changed-files/-/jest-changed-files-29.7.0.tgz. Extracting by manifest.
1984 silly tarball no local data for graceful-fs@https://registry.npmmirror.com/graceful-fs/-/graceful-fs-4.2.11.tgz. Extracting by manifest.
1985 silly tarball no local data for exit@https://registry.npmmirror.com/exit/-/exit-0.1.2.tgz. Extracting by manifest.
1986 silly tarball no local data for jest-regex-util@https://registry.npmmirror.com/jest-regex-util/-/jest-regex-util-29.6.3.tgz. Extracting by manifest.
1987 silly tarball no local data for ansi-escapes@https://registry.npmmirror.com/ansi-escapes/-/ansi-escapes-4.3.2.tgz. Extracting by manifest.
1988 silly tarball no local data for @jest/transform@https://registry.npmmirror.com/@jest/transform/-/transform-29.7.0.tgz. Extracting by manifest.
1989 silly tarball no local data for jest-cli@https://registry.npmmirror.com/jest-cli/-/jest-cli-29.7.0.tgz. Extracting by manifest.
1990 silly tarball no local data for ci-info@https://registry.npmmirror.com/ci-info/-/ci-info-3.9.0.tgz. Extracting by manifest.
1991 silly tarball no local data for @jest/test-result@https://registry.npmmirror.com/@jest/test-result/-/test-result-29.7.0.tgz. Extracting by manifest.
1992 silly tarball no local data for @jest/reporters@https://registry.npmmirror.com/@jest/reporters/-/reporters-29.7.0.tgz. Extracting by manifest.
1993 silly tarball no local data for @jest/console@https://registry.npmmirror.com/@jest/console/-/console-29.7.0.tgz. Extracting by manifest.
1994 silly tarball no local data for import-local@https://registry.npmmirror.com/import-local/-/import-local-3.2.0.tgz. Extracting by manifest.
1995 silly tarball no local data for @jest/core@https://registry.npmmirror.com/@jest/core/-/core-29.7.0.tgz. Extracting by manifest.
1996 silly tarball no local data for pure-rand@https://registry.npmmirror.com/pure-rand/-/pure-rand-6.1.0.tgz. Extracting by manifest.
1997 silly tarball no local data for @jest/expect-utils@https://registry.npmmirror.com/@jest/expect-utils/-/expect-utils-29.7.0.tgz. Extracting by manifest.
1998 silly tarball no local data for jest-matcher-utils@https://registry.npmmirror.com/jest-matcher-utils/-/jest-matcher-utils-29.7.0.tgz. Extracting by manifest.
1999 silly tarball no local data for color-name@https://registry.npmmirror.com/color-name/-/color-name-1.1.4.tgz. Extracting by manifest.
2000 silly tarball no local data for jest-get-type@https://registry.npmmirror.com/jest-get-type/-/jest-get-type-29.6.3.tgz. Extracting by manifest.
2001 silly tarball no local data for color-convert@https://registry.npmmirror.com/color-convert/-/color-convert-2.0.1.tgz. Extracting by manifest.
2002 silly tarball no local data for @types/yargs-parser@https://registry.npmmirror.com/@types/yargs-parser/-/yargs-parser-21.0.3.tgz. Extracting by manifest.
2003 silly tarball no local data for @types/istanbul-lib-report@https://registry.npmmirror.com/@types/istanbul-lib-report/-/istanbul-lib-report-3.0.3.tgz. Extracting by manifest.
2004 silly tarball no local data for @sinonjs/commons@https://registry.npmmirror.com/@sinonjs/commons/-/commons-3.0.1.tgz. Extracting by manifest.
2005 silly tarball no local data for ansi-styles@https://registry.npmmirror.com/ansi-styles/-/ansi-styles-4.3.0.tgz. Extracting by manifest.
2006 silly tarball no local data for undici-types@https://registry.npmmirror.com/undici-types/-/undici-types-7.16.0.tgz. Extracting by manifest.
2007 silly tarball no local data for @sinclair/typebox@https://registry.npmmirror.com/@sinclair/typebox/-/typebox-0.27.8.tgz. Extracting by manifest.
2008 silly tarball no local data for type-detect@https://registry.npmmirror.com/type-detect/-/type-detect-4.0.8.tgz. Extracting by manifest.
2009 silly tarball no local data for @types/yargs@https://registry.npmmirror.com/@types/yargs/-/yargs-17.0.35.tgz. Extracting by manifest.
2010 silly tarball no local data for chalk@https://registry.npmmirror.com/chalk/-/chalk-4.1.2.tgz. Extracting by manifest.
2011 silly tarball no local data for jest-util@https://registry.npmmirror.com/jest-util/-/jest-util-29.7.0.tgz. Extracting by manifest.
2012 silly tarball no local data for supports-color@https://registry.npmmirror.com/supports-color/-/supports-color-7.2.0.tgz. Extracting by manifest.
2013 silly tarball no local data for @jest/schemas@https://registry.npmmirror.com/@jest/schemas/-/schemas-29.6.3.tgz. Extracting by manifest.
2014 silly tarball no local data for @types/istanbul-lib-coverage@https://registry.npmmirror.com/@types/istanbul-lib-coverage/-/istanbul-lib-coverage-2.0.6.tgz. Extracting by manifest.
2015 silly tarball no local data for jest-message-util@https://registry.npmmirror.com/jest-message-util/-/jest-message-util-29.7.0.tgz. Extracting by manifest.
2016 silly tarball no local data for @types/node@https://registry.npmmirror.com/@types/node/-/node-25.0.3.tgz. Extracting by manifest.
2017 silly tarball no local data for @sinonjs/fake-timers@https://registry.npmmirror.com/@sinonjs/fake-timers/-/fake-timers-10.3.0.tgz. Extracting by manifest.
2018 silly tarball no local data for @jest/fake-timers@https://registry.npmmirror.com/@jest/fake-timers/-/fake-timers-29.7.0.tgz. Extracting by manifest.
2019 silly tarball no local data for expect@https://registry.npmmirror.com/expect/-/expect-29.7.0.tgz. Extracting by manifest.
2020 silly tarball no local data for @types/istanbul-reports@https://registry.npmmirror.com/@types/istanbul-reports/-/istanbul-reports-3.0.4.tgz. Extracting by manifest.
2021 silly tarball no local data for jest-snapshot@https://registry.npmmirror.com/jest-snapshot/-/jest-snapshot-29.7.0.tgz. Extracting by manifest.
2022 silly tarball no local data for jest-mock@https://registry.npmmirror.com/jest-mock/-/jest-mock-29.7.0.tgz. Extracting by manifest.
2023 silly tarball no local data for @jest/types@https://registry.npmmirror.com/@jest/types/-/types-29.6.3.tgz. Extracting by manifest.
2024 silly tarball no local data for jest@https://registry.npmmirror.com/jest/-/jest-29.7.0.tgz. Extracting by manifest.
2025 silly tarball no local data for @jest/environment@https://registry.npmmirror.com/@jest/environment/-/environment-29.7.0.tgz. Extracting by manifest.
2026 silly tarball no local data for fast-check@https://registry.npmmirror.com/fast-check/-/fast-check-3.23.2.tgz. Extracting by manifest.
2027 silly tarball no local data for @jest/expect@https://registry.npmmirror.com/@jest/expect/-/expect-29.7.0.tgz. Extracting by manifest.
2028 silly tarball no local data for @jest/globals@https://registry.npmmirror.com/@jest/globals/-/globals-29.7.0.tgz. Extracting by manifest.
2029 silly tarball no local data for p-limit@https://registry.npmmirror.com/p-limit/-/p-limit-2.3.0.tgz. Extracting by manifest.
2030 silly tarball no local data for supports-color@https://registry.npmmirror.com/supports-color/-/supports-color-8.1.1.tgz. Extracting by manifest.
2031 silly tarball no local data for istanbul-lib-instrument@https://registry.npmmirror.com/istanbul-lib-instrument/-/istanbul-lib-instrument-5.2.1.tgz. Extracting by manifest.
2032 silly tarball no local data for semver@https://registry.npmmirror.com/semver/-/semver-7.7.3.tgz. Extracting by manifest.
2033 silly tarball no local data for ansi-styles@https://registry.npmmirror.com/ansi-styles/-/ansi-styles-5.2.0.tgz. Extracting by manifest.
2034 silly tarball no local data for camelcase@https://registry.npmmirror.com/camelcase/-/camelcase-6.3.0.tgz. Extracting by manifest.
2035 http fetch POST 404 https://registry.npmmirror.com/-/npm/v1/security/advisories/bulk 118ms
2036 verbose audit error HttpErrorGeneral: 404 Not Found - POST https://registry.npmmirror.com/-/npm/v1/security/advisories/bulk - [NOT_IMPLEMENTED] /-/npm/v1/security/* not implemented yet
2036 verbose audit error     at D:\nodejs\node_global\node_modules\npm\node_modules\npm-registry-fetch\lib\check-response.js:103:15
2036 verbose audit error     at process.processTicksAndRejections (node:internal/process/task_queues:105:5)
2036 verbose audit error     at async [getReport] (D:\nodejs\node_global\node_modules\npm\node_modules\@npmcli\arborist\lib\audit-report.js:294:19)
2036 verbose audit error     at async AuditReport.run (D:\nodejs\node_global\node_modules\npm\node_modules\@npmcli\arborist\lib\audit-report.js:106:19) {
2036 verbose audit error   headers: [Object: null prototype] {
2036 verbose audit error     server: [ 'Tengine' ],
2036 verbose audit error     date: [ 'Fri, 26 Dec 2025 08:47:09 GMT' ],
2036 verbose audit error     'content-type': [ 'application/json' ],
2036 verbose audit error     'transfer-encoding': [ 'chunked' ],
2036 verbose audit error     connection: [ 'keep-alive' ],
2036 verbose audit error     'strict-transport-security': [ 'max-age=5184000' ],
2036 verbose audit error     via: [ 'kunlun8.cn7902[,404666]' ],
2036 verbose audit error     'timing-allow-origin': [ '*' ],
2036 verbose audit error     eagleid: [ '7cedec1c17667388293352485e' ],
2036 verbose audit error     'x-fetch-attempts': [ '1' ]
2036 verbose audit error   },
2036 verbose audit error   statusCode: 404,
2036 verbose audit error   code: 'E404',
2036 verbose audit error   method: 'POST',
2036 verbose audit error   uri: 'https://registry.npmmirror.com/-/npm/v1/security/advisories/bulk',
2036 verbose audit error   body: {
2036 verbose audit error     error: '[NOT_IMPLEMENTED] /-/npm/v1/security/* not implemented yet'
2036 verbose audit error   },
2036 verbose audit error   pkgid: undefined
2036 verbose audit error }
2037 silly audit error [object Object]
2038 silly audit report null
2039 silly tarball no local data for semver@https://registry.npmmirror.com/semver/-/semver-7.7.3.tgz. Extracting by manifest.
2040 silly tarball no local data for semver@https://registry.npmmirror.com/semver/-/semver-7.7.3.tgz. Extracting by manifest.
2041 http fetch GET 200 https://cdn.npmmirror.com/packages/emoji-regex/8.0.0/emoji-regex-8.0.0.tgz 321ms (cache miss)
2042 http fetch GET 200 https://cdn.npmmirror.com/packages/isexe/2.0.0/isexe-2.0.0.tgz 318ms (cache miss)
2043 http fetch GET 200 https://cdn.npmmirror.com/packages/imurmurhash/0.1.4/imurmurhash-0.1.4.tgz 320ms (cache miss)
2044 http fetch GET 200 https://cdn.npmmirror.com/packages/escape-string-regexp/2.0.0/escape-string-regexp-2.0.0.tgz 322ms (cache miss)
2045 http fetch GET 200 https://cdn.npmmirror.com/packages/is-fullwidth-code-point/3.0.0/is-fullwidth-code-point-3.0.0.tgz 332ms (cache miss)
2046 http fetch GET 200 https://cdn.npmmirror.com/packages/makeerror/1.0.12/makeerror-1.0.12.tgz 328ms (cache miss)
2047 http fetch GET 200 https://cdn.npmmirror.com/packages/is-number/7.0.0/is-number-7.0.0.tgz 329ms (cache miss)
2048 http fetch GET 200 https://cdn.npmmirror.com/packages/wrap-ansi/7.0.0/wrap-ansi-7.0.0.tgz 336ms (cache miss)
2049 http fetch GET 200 https://cdn.npmmirror.com/packages/buffer-from/1.1.2/buffer-from-1.1.2.tgz 332ms (cache miss)
2050 http fetch GET 200 https://cdn.npmmirror.com/packages/p-try/2.2.0/p-try-2.2.0.tgz 343ms (cache miss)
2051 http fetch GET 200 https://cdn.npmmirror.com/packages/shebang-regex/3.0.0/shebang-regex-3.0.0.tgz 336ms (cache miss)
2052 http fetch GET 200 https://cdn.npmmirror.com/packages/tmpl/1.0.5/tmpl-1.0.5.tgz 339ms (cache miss)
2053 http fetch GET 200 https://cdn.npmmirror.com/packages/get-caller-file/2.0.5/get-caller-file-2.0.5.tgz 344ms (cache miss)
2054 http fetch GET 200 https://cdn.npmmirror.com/packages/path-parse/1.0.7/path-parse-1.0.7.tgz 340ms (cache miss)
2055 http fetch GET 200 https://cdn.npmmirror.com/packages/string-width/4.2.3/string-width-4.2.3.tgz 344ms (cache miss)
2056 http fetch GET 200 https://cdn.npmmirror.com/packages/function-bind/1.1.2/function-bind-1.1.2.tgz 343ms (cache miss)
2057 http fetch GET 200 https://cdn.npmmirror.com/packages/char-regex/1.0.2/char-regex-1.0.2.tgz 344ms (cache miss)
2058 http fetch GET 200 https://cdn.npmmirror.com/packages/has-flag/4.0.0/has-flag-4.0.0.tgz 347ms (cache miss)
2059 http fetch GET 200 https://cdn.npmmirror.com/packages/kleur/3.0.3/kleur-3.0.3.tgz 346ms (cache miss)
2060 http fetch GET 200 https://cdn.npmmirror.com/packages/supports-preserve-symlinks-flag/1.0.0/supports-preserve-symlinks-flag-1.0.0.tgz 348ms (cache miss)
2061 http fetch GET 200 https://cdn.npmmirror.com/packages/ansi-regex/5.0.1/ansi-regex-5.0.1.tgz 350ms (cache miss)
2062 http fetch GET 200 https://cdn.npmmirror.com/packages/escalade/3.2.0/escalade-3.2.0.tgz 378ms (cache miss)
2063 http fetch GET 200 https://cdn.npmmirror.com/packages/require-directory/2.1.1/require-directory-2.1.1.tgz 381ms (cache miss)
2064 http fetch GET 200 https://cdn.npmmirror.com/packages/yocto-queue/0.1.0/yocto-queue-0.1.0.tgz 375ms (cache miss)
2065 http fetch GET 200 https://cdn.npmmirror.com/packages/error-ex/1.3.4/error-ex-1.3.4.tgz 377ms (cache miss)
2066 http fetch GET 200 https://cdn.npmmirror.com/packages/lines-and-columns/1.2.4/lines-and-columns-1.2.4.tgz 378ms (cache miss)
2067 http fetch GET 200 https://cdn.npmmirror.com/packages/is-arrayish/0.2.1/is-arrayish-0.2.1.tgz 380ms (cache miss)
2068 http fetch GET 200 https://cdn.npmmirror.com/packages/react-is/18.3.1/react-is-18.3.1.tgz 382ms (cache miss)
2069 http fetch GET 200 https://cdn.npmmirror.com/packages/mimic-fn/2.1.0/mimic-fn-2.1.0.tgz 383ms (cache miss)
2070 http fetch GET 200 https://cdn.npmmirror.com/packages/json-parse-even-better-errors/2.3.1/json-parse-even-better-errors-2.3.1.tgz 385ms (cache miss)
2071 http fetch GET 200 https://cdn.npmmirror.com/packages/brace-expansion/1.1.12/brace-expansion-1.1.12.tgz 386ms (cache miss)
2072 http fetch GET 200 https://cdn.npmmirror.com/packages/cliui/8.0.1/cliui-8.0.1.tgz 398ms (cache miss)
2073 http fetch GET 200 https://cdn.npmmirror.com/packages/y18n/5.0.8/y18n-5.0.8.tgz 403ms (cache miss)
2074 http fetch GET 200 https://cdn.npmmirror.com/packages/p-locate/4.1.0/p-locate-4.1.0.tgz 393ms (cache miss)
2075 http fetch GET 200 https://cdn.npmmirror.com/packages/fill-range/7.1.1/fill-range-7.1.1.tgz 402ms (cache miss)
2076 http fetch GET 200 https://cdn.npmmirror.com/packages/sisteransi/1.0.5/sisteransi-1.0.5.tgz 405ms (cache miss)
2077 http fetch GET 200 https://cdn.npmmirror.com/packages/sprintf-js/1.0.3/sprintf-js-1.0.3.tgz 401ms (cache miss)
2078 http fetch GET 200 https://cdn.npmmirror.com/packages/to-regex-range/5.0.1/to-regex-range-5.0.1.tgz 402ms (cache miss)
2079 http fetch GET 200 https://cdn.npmmirror.com/packages/hasown/2.0.2/hasown-2.0.2.tgz 409ms (cache miss)
2080 http fetch GET 200 https://cdn.npmmirror.com/packages/leven/3.1.0/leven-3.1.0.tgz 403ms (cache miss)
2081 http fetch GET 200 https://cdn.npmmirror.com/packages/concat-map/0.0.1/concat-map-0.0.1.tgz 409ms (cache miss)
2082 http fetch GET 200 https://cdn.npmmirror.com/packages/braces/3.0.3/braces-3.0.3.tgz 412ms (cache miss)
2083 http fetch GET 200 https://cdn.npmmirror.com/packages/is-core-module/2.16.1/is-core-module-2.16.1.tgz 419ms (cache miss)
2084 http fetch GET 200 https://cdn.npmmirror.com/packages/yargs-parser/21.1.1/yargs-parser-21.1.1.tgz 425ms (cache miss)
2085 http fetch GET 200 https://cdn.npmmirror.com/packages/%40babel/plugin-syntax-typescript/7.27.1/plugin-syntax-typescript-7.27.1.tgz 417ms (cache miss)
2086 http fetch GET 200 https://cdn.npmmirror.com/packages/natural-compare/1.4.0/natural-compare-1.4.0.tgz 425ms (cache miss)
2087 http fetch GET 200 https://cdn.npmmirror.com/packages/yallist/3.1.1/yallist-3.1.1.tgz 432ms (cache miss)
2088 http fetch GET 200 https://cdn.npmmirror.com/packages/%40babel/plugin-syntax-jsx/7.27.1/plugin-syntax-jsx-7.27.1.tgz 429ms (cache miss)
2089 http fetch GET 200 https://cdn.npmmirror.com/packages/callsites/3.1.0/callsites-3.1.0.tgz 428ms (cache miss)
2090 http fetch GET 200 https://cdn.npmmirror.com/packages/detect-newline/3.1.0/detect-newline-3.1.0.tgz 430ms (cache miss)
2091 http fetch GET 200 https://cdn.npmmirror.com/packages/esprima/4.0.1/esprima-4.0.1.tgz 443ms (cache miss)
2092 http fetch GET 200 https://cdn.npmmirror.com/packages/jest-docblock/29.7.0/jest-docblock-29.7.0.tgz 444ms (cache miss)
2093 http fetch GET 200 https://cdn.npmmirror.com/packages/balanced-match/1.0.2/balanced-match-1.0.2.tgz 455ms (cache miss)
2094 http fetch GET 200 https://cdn.npmmirror.com/packages/jest-leak-detector/29.7.0/jest-leak-detector-29.7.0.tgz 453ms (cache miss)
2095 http fetch GET 200 https://cdn.npmmirror.com/packages/%40types/stack-utils/2.0.3/stack-utils-2.0.3.tgz 452ms (cache miss)
2096 http fetch GET 200 https://cdn.npmmirror.com/packages/source-map-support/0.5.13/source-map-support-0.5.13.tgz 455ms (cache miss)
2097 http fetch GET 200 https://cdn.npmmirror.com/packages/strip-bom/4.0.0/strip-bom-4.0.0.tgz 467ms (cache miss)
2098 http fetch GET 200 https://cdn.npmmirror.com/packages/argparse/1.0.10/argparse-1.0.10.tgz 478ms (cache miss)
2099 http fetch GET 200 https://cdn.npmmirror.com/packages/resolve.exports/2.0.3/resolve.exports-2.0.3.tgz 498ms (cache miss)
2100 http fetch GET 200 https://cdn.npmmirror.com/packages/node-int64/0.4.0/node-int64-0.4.0.tgz 504ms (cache miss)
2101 http fetch GET 200 https://cdn.npmmirror.com/packages/diff-sequences/29.6.3/diff-sequences-29.6.3.tgz 505ms (cache miss)
2102 http fetch GET 200 https://cdn.npmmirror.com/packages/%40types/graceful-fs/4.1.9/graceful-fs-4.1.9.tgz 505ms (cache miss)
2103 http fetch GET 200 https://cdn.npmmirror.com/packages/fb-watchman/2.0.2/fb-watchman-2.0.2.tgz 512ms (cache miss)
2104 http fetch GET 200 https://cdn.npmmirror.com/packages/normalize-path/3.0.0/normalize-path-3.0.0.tgz 527ms (cache miss)
2105 http fetch GET 200 https://cdn.npmmirror.com/packages/bser/2.1.1/bser-2.1.1.tgz 531ms (cache miss)
2106 http fetch GET 200 https://cdn.npmmirror.com/packages/cjs-module-lexer/1.4.3/cjs-module-lexer-1.4.3.tgz 539ms (cache miss)
2107 http fetch GET 200 https://cdn.npmmirror.com/packages/%40babel/plugin-syntax-private-property-in-object/7.14.5/plugin-syntax-private-property-in-object-7.14.5.tgz 539ms (cache miss)
2108 http fetch GET 200 https://cdn.npmmirror.com/packages/%40jest/source-map/29.6.3/source-map-29.6.3.tgz 545ms (cache miss)
2109 http fetch GET 200 https://cdn.npmmirror.com/packages/stack-utils/2.0.6/stack-utils-2.0.6.tgz 549ms (cache miss)
2110 http fetch GET 200 https://cdn.npmmirror.com/packages/%40babel/plugin-syntax-optional-chaining/7.8.3/plugin-syntax-optional-chaining-7.8.3.tgz 549ms (cache miss)
2111 http fetch GET 200 https://cdn.npmmirror.com/packages/emittery/0.13.1/emittery-0.13.1.tgz 554ms (cache miss)
2112 http fetch GET 200 https://cdn.npmmirror.com/packages/jest-diff/29.7.0/jest-diff-29.7.0.tgz 557ms (cache miss)
2113 http fetch GET 200 https://cdn.npmmirror.com/packages/picomatch/2.3.1/picomatch-2.3.1.tgz 556ms (cache miss)
2114 http fetch GET 200 https://cdn.npmmirror.com/packages/walker/1.0.8/walker-1.0.8.tgz 558ms (cache miss)
2115 http fetch GET 200 https://cdn.npmmirror.com/packages/jest-each/29.7.0/jest-each-29.7.0.tgz 558ms (cache miss)
2116 http fetch GET 200 https://cdn.npmmirror.com/packages/dedent/1.7.1/dedent-1.7.1.tgz 564ms (cache miss)
2117 http fetch GET 200 https://cdn.npmmirror.com/packages/is-generator-fn/2.1.0/is-generator-fn-2.1.0.tgz 580ms (cache miss)
2118 http fetch GET 200 https://cdn.npmmirror.com/packages/%40babel/plugin-syntax-object-rest-spread/7.8.3/plugin-syntax-object-rest-spread-7.8.3.tgz 587ms (cache miss)
2119 http fetch GET 200 https://cdn.npmmirror.com/packages/jest-pnp-resolver/1.2.3/jest-pnp-resolver-1.2.3.tgz 591ms (cache miss)
2120 http fetch GET 200 https://cdn.npmmirror.com/packages/%40babel/plugin-syntax-numeric-separator/7.10.4/plugin-syntax-numeric-separator-7.10.4.tgz 585ms (cache miss)
2121 http fetch GET 200 https://cdn.npmmirror.com/packages/%40babel/plugin-syntax-json-strings/7.8.3/plugin-syntax-json-strings-7.8.3.tgz 586ms (cache miss)
2122 http fetch GET 200 https://cdn.npmmirror.com/packages/%40babel/plugin-syntax-nullish-coalescing-operator/7.8.3/plugin-syntax-nullish-coalescing-operator-7.8.3.tgz 590ms (cache miss)
2123 http fetch GET 200 https://cdn.npmmirror.com/packages/co/4.6.0/co-4.6.0.tgz 593ms (cache miss)
2124 http fetch GET 200 https://cdn.npmmirror.com/packages/%40babel/plugin-syntax-optional-catch-binding/7.8.3/plugin-syntax-optional-catch-binding-7.8.3.tgz 597ms (cache miss)
2125 http fetch GET 200 https://cdn.npmmirror.com/packages/%40babel/plugin-syntax-import-attributes/7.27.1/plugin-syntax-import-attributes-7.27.1.tgz 596ms (cache miss)
2126 http fetch GET 200 https://cdn.npmmirror.com/packages/anymatch/3.1.3/anymatch-3.1.3.tgz 600ms (cache miss)
2127 http fetch GET 200 https://cdn.npmmirror.com/packages/%40babel/plugin-syntax-top-level-await/7.14.5/plugin-syntax-top-level-await-7.14.5.tgz 600ms (cache miss)
2128 http fetch GET 200 https://cdn.npmmirror.com/packages/%40babel/plugin-syntax-import-meta/7.10.4/plugin-syntax-import-meta-7.10.4.tgz 601ms (cache miss)
2129 http fetch GET 200 https://cdn.npmmirror.com/packages/babel-preset-current-node-syntax/1.2.0/babel-preset-current-node-syntax-1.2.0.tgz 615ms (cache miss)
2130 http fetch GET 200 https://cdn.npmmirror.com/packages/%40types/babel__traverse/7.28.0/babel__traverse-7.28.0.tgz 617ms (cache miss)
2131 http fetch GET 200 https://cdn.npmmirror.com/packages/%40babel/plugin-syntax-class-static-block/7.14.5/plugin-syntax-class-static-block-7.14.5.tgz 629ms (cache miss)
2132 http fetch GET 200 https://cdn.npmmirror.com/packages/babel-plugin-jest-hoist/29.6.3/babel-plugin-jest-hoist-29.6.3.tgz 629ms (cache miss)
2133 http fetch GET 200 https://cdn.npmmirror.com/packages/%40types/babel__template/7.4.4/babel__template-7.4.4.tgz 642ms (cache miss)
2134 http fetch GET 200 https://cdn.npmmirror.com/packages/strip-json-comments/3.1.1/strip-json-comments-3.1.1.tgz 642ms (cache miss)
2135 http fetch GET 200 https://cdn.npmmirror.com/packages/%40babel/plugin-syntax-bigint/7.8.3/plugin-syntax-bigint-7.8.3.tgz 644ms (cache miss)
2136 http fetch GET 200 https://cdn.npmmirror.com/packages/%40babel/plugin-syntax-async-generators/7.8.4/plugin-syntax-async-generators-7.8.4.tgz 654ms (cache miss)
2137 http fetch GET 200 https://cdn.npmmirror.com/packages/%40types/babel__core/7.20.5/babel__core-7.20.5.tgz 653ms (cache miss)
2138 http fetch GET 200 https://cdn.npmmirror.com/packages/%40types/babel__generator/7.27.0/babel__generator-7.27.0.tgz 661ms (cache miss)
2139 http fetch GET 200 https://cdn.npmmirror.com/packages/jest-environment-node/29.7.0/jest-environment-node-29.7.0.tgz 666ms (cache miss)
2140 http fetch GET 200 https://cdn.npmmirror.com/packages/%40babel/plugin-syntax-class-properties/7.12.13/plugin-syntax-class-properties-7.12.13.tgz 679ms (cache miss)
2141 http fetch GET 200 https://cdn.npmmirror.com/packages/%40jest/test-sequencer/29.7.0/test-sequencer-29.7.0.tgz 693ms (cache miss)
2142 http fetch GET 200 https://cdn.npmmirror.com/packages/jest-circus/29.7.0/jest-circus-29.7.0.tgz 710ms (cache miss)
2143 http fetch GET 200 https://cdn.npmmirror.com/packages/%40babel/plugin-syntax-logical-assignment-operators/7.10.4/plugin-syntax-logical-assignment-operators-7.10.4.tgz 718ms (cache miss)
2144 http fetch GET 200 https://cdn.npmmirror.com/packages/parse-json/5.2.0/parse-json-5.2.0.tgz 712ms (cache miss)
2145 http fetch GET 200 https://cdn.npmmirror.com/packages/which/2.0.2/which-2.0.2.tgz 712ms (cache miss)
2146 http fetch GET 200 https://cdn.npmmirror.com/packages/babel-preset-jest/29.6.3/babel-preset-jest-29.6.3.tgz 726ms (cache miss)
2147 http fetch GET 200 https://cdn.npmmirror.com/packages/create-jest/29.7.0/create-jest-29.7.0.tgz 725ms (cache miss)
2148 http fetch GET 200 https://cdn.npmmirror.com/packages/path-key/3.1.1/path-key-3.1.1.tgz 725ms (cache miss)
2149 http fetch GET 200 https://cdn.npmmirror.com/packages/babel-jest/29.7.0/babel-jest-29.7.0.tgz 731ms (cache miss)
2150 http fetch GET 200 https://cdn.npmmirror.com/packages/shebang-command/2.0.0/shebang-command-2.0.0.tgz 729ms (cache miss)
2151 http fetch GET 200 https://cdn.npmmirror.com/packages/merge-stream/2.0.0/merge-stream-2.0.0.tgz 730ms (cache miss)
2152 http fetch GET 200 https://cdn.npmmirror.com/packages/strip-final-newline/2.0.0/strip-final-newline-2.0.0.tgz 733ms (cache miss)
2153 http fetch GET 200 https://cdn.npmmirror.com/packages/deepmerge/4.3.1/deepmerge-4.3.1.tgz 745ms (cache miss)
2154 http fetch GET 200 https://cdn.npmmirror.com/packages/is-stream/2.0.1/is-stream-2.0.1.tgz 753ms (cache miss)
2155 http fetch GET 200 https://cdn.npmmirror.com/packages/onetime/5.1.2/onetime-5.1.2.tgz 756ms (cache miss)
2156 http fetch GET 200 https://cdn.npmmirror.com/packages/get-stream/6.0.1/get-stream-6.0.1.tgz 759ms (cache miss)
2157 http fetch GET 200 https://cdn.npmmirror.com/packages/npm-run-path/4.0.1/npm-run-path-4.0.1.tgz 761ms (cache miss)
2158 http fetch GET 200 https://cdn.npmmirror.com/packages/signal-exit/3.0.7/signal-exit-3.0.7.tgz 761ms (cache miss)
2159 http fetch GET 200 https://cdn.npmmirror.com/packages/p-limit/3.1.0/p-limit-3.1.0.tgz 765ms (cache miss)
2160 http fetch GET 200 https://cdn.npmmirror.com/packages/resolve/1.22.11/resolve-1.22.11.tgz 778ms (cache miss)
2161 http fetch GET 200 https://cdn.npmmirror.com/packages/human-signals/2.1.0/human-signals-2.1.0.tgz 771ms (cache miss)
2162 http fetch GET 200 https://cdn.npmmirror.com/packages/execa/5.1.1/execa-5.1.1.tgz 774ms (cache miss)
2163 http fetch GET 200 https://cdn.npmmirror.com/packages/pkg-dir/4.2.0/pkg-dir-4.2.0.tgz 778ms (cache miss)
2164 http fetch GET 200 https://cdn.npmmirror.com/packages/html-escaper/2.0.2/html-escaper-2.0.2.tgz 784ms (cache miss)
2165 http fetch GET 200 https://cdn.npmmirror.com/packages/cross-spawn/7.0.6/cross-spawn-7.0.6.tgz 786ms (cache miss)
2166 http fetch GET 200 https://cdn.npmmirror.com/packages/path-is-absolute/1.0.1/path-is-absolute-1.0.1.tgz 795ms (cache miss)
2167 http fetch GET 200 https://cdn.npmmirror.com/packages/wrappy/1.0.2/wrappy-1.0.2.tgz 796ms (cache miss)
2168 http fetch GET 200 https://cdn.npmmirror.com/packages/minimatch/3.1.2/minimatch-3.1.2.tgz 798ms (cache miss)
2169 http fetch GET 200 https://cdn.npmmirror.com/packages/once/1.4.0/once-1.4.0.tgz 801ms (cache miss)
2170 http fetch GET 200 https://cdn.npmmirror.com/packages/fs.realpath/1.0.0/fs.realpath-1.0.0.tgz 814ms (cache miss)
2171 http fetch GET 200 https://cdn.npmmirror.com/packages/inherits/2.0.4/inherits-2.0.4.tgz 818ms (cache miss)
2172 http fetch GET 200 https://cdn.npmmirror.com/packages/locate-path/5.0.0/locate-path-5.0.0.tgz 832ms (cache miss)
2173 http fetch GET 200 https://cdn.npmmirror.com/packages/ms/2.1.3/ms-2.1.3.tgz 848ms (cache miss)
2174 http fetch GET 200 https://cdn.npmmirror.com/packages/resolve-cwd/3.0.0/resolve-cwd-3.0.0.tgz 849ms (cache miss)
2175 http fetch GET 200 https://cdn.npmmirror.com/packages/update-browserslist-db/1.2.3/update-browserslist-db-1.2.3.tgz 852ms (cache miss)
2176 http fetch GET 200 https://cdn.npmmirror.com/packages/path-exists/4.0.0/path-exists-4.0.0.tgz 856ms (cache miss)
2177 http fetch GET 200 https://cdn.npmmirror.com/packages/resolve-from/5.0.0/resolve-from-5.0.0.tgz 868ms (cache miss)
2178 http fetch GET 200 https://cdn.npmmirror.com/packages/inflight/1.0.6/inflight-1.0.6.tgz 875ms (cache miss)
2179 warn deprecated inflight@1.0.6: This module is not supported, and leaks memory. Do not use it. Check out lru-cache if you want a good and tested way to coalesce async requests by a key value, which is much more comprehensive and powerful.
2180 http fetch GET 200 https://cdn.npmmirror.com/packages/make-dir/4.0.0/make-dir-4.0.0.tgz 884ms (cache miss)
2181 http fetch GET 200 https://cdn.npmmirror.com/packages/node-releases/2.0.27/node-releases-2.0.27.tgz 885ms (cache miss)
2182 http fetch GET 200 https://cdn.npmmirror.com/packages/source-map/0.6.1/source-map-0.6.1.tgz 892ms (cache miss)
2183 http fetch GET 200 https://cdn.npmmirror.com/packages/baseline-browser-mapping/2.9.11/baseline-browser-mapping-2.9.11.tgz 910ms (cache miss)
2184 http fetch GET 200 https://cdn.npmmirror.com/packages/%40istanbuljs/load-nyc-config/1.1.0/load-nyc-config-1.1.0.tgz 921ms (cache miss)
2185 http fetch GET 200 https://cdn.npmmirror.com/packages/test-exclude/6.0.0/test-exclude-6.0.0.tgz 926ms (cache miss)
2186 http fetch GET 200 https://cdn.npmmirror.com/packages/get-package-type/0.1.0/get-package-type-0.1.0.tgz 928ms (cache miss)
2187 http fetch GET 200 https://cdn.npmmirror.com/packages/find-up/4.1.0/find-up-4.1.0.tgz 929ms (cache miss)
2188 http fetch GET 200 https://cdn.npmmirror.com/packages/%40babel/helper-plugin-utils/7.27.1/helper-plugin-utils-7.27.1.tgz 930ms (cache miss)
2189 http fetch GET 200 https://cdn.npmmirror.com/packages/electron-to-chromium/1.5.267/electron-to-chromium-1.5.267.tgz 933ms (cache miss)
2190 http fetch GET 200 https://cdn.npmmirror.com/packages/%40jridgewell/resolve-uri/3.1.2/resolve-uri-3.1.2.tgz 933ms (cache miss)
2191 http fetch GET 200 https://cdn.npmmirror.com/packages/%40istanbuljs/schema/0.1.3/schema-0.1.3.tgz 947ms (cache miss)
2192 http fetch GET 200 https://cdn.npmmirror.com/packages/%40babel/helper-validator-option/7.27.1/helper-validator-option-7.27.1.tgz 946ms (cache miss)
2193 http fetch GET 200 https://cdn.npmmirror.com/packages/%40babel/helper-globals/7.28.0/helper-globals-7.28.0.tgz 953ms (cache miss)
2194 http fetch GET 200 https://cdn.npmmirror.com/packages/lru-cache/5.1.1/lru-cache-5.1.1.tgz 969ms (cache miss)
2195 http fetch GET 200 https://cdn.npmmirror.com/packages/js-tokens/4.0.0/js-tokens-4.0.0.tgz 980ms (cache miss)
2196 http fetch GET 200 https://cdn.npmmirror.com/packages/prompts/2.4.2/prompts-2.4.2.tgz 996ms (cache miss)
2197 http fetch GET 200 https://cdn.npmmirror.com/packages/picocolors/1.1.1/picocolors-1.1.1.tgz 986ms (cache miss)
2198 http fetch GET 200 https://cdn.npmmirror.com/packages/%40babel/helper-validator-identifier/7.28.5/helper-validator-identifier-7.28.5.tgz 987ms (cache miss)
2199 http fetch GET 200 https://cdn.npmmirror.com/packages/yargs/17.7.2/yargs-17.7.2.tgz 1009ms (cache miss)
2200 http fetch GET 200 https://cdn.npmmirror.com/packages/%40babel/helper-string-parser/7.27.1/helper-string-parser-7.27.1.tgz 998ms (cache miss)
2201 http fetch GET 200 https://cdn.npmmirror.com/packages/camelcase/5.3.1/camelcase-5.3.1.tgz 1006ms (cache miss)
2202 http fetch GET 200 https://cdn.npmmirror.com/packages/%40babel/helper-module-imports/7.27.1/helper-module-imports-7.27.1.tgz 1008ms (cache miss)
2203 http fetch GET 200 https://cdn.npmmirror.com/packages/semver/6.3.1/semver-6.3.1.tgz 1012ms (cache miss)
2204 http fetch GET 200 https://cdn.npmmirror.com/packages/browserslist/4.28.1/browserslist-4.28.1.tgz 1019ms (cache miss)
2205 http fetch GET 200 https://cdn.npmmirror.com/packages/gensync/1.0.0-beta.2/gensync-1.0.0-beta.2.tgz 1019ms (cache miss)
2206 http fetch GET 200 https://cdn.npmmirror.com/packages/%40babel/compat-data/7.28.5/compat-data-7.28.5.tgz 1032ms (cache miss)
2207 http fetch GET 200 https://cdn.npmmirror.com/packages/debug/4.4.3/debug-4.4.3.tgz 1067ms (cache miss)
2208 http fetch GET 200 https://cdn.npmmirror.com/packages/%40babel/code-frame/7.27.1/code-frame-7.27.1.tgz 1084ms (cache miss)
2209 http fetch GET 200 https://cdn.npmmirror.com/packages/%40babel/helper-compilation-targets/7.27.2/helper-compilation-targets-7.27.2.tgz 1084ms (cache miss)
2210 http fetch GET 200 https://cdn.npmmirror.com/packages/write-file-atomic/4.0.2/write-file-atomic-4.0.2.tgz 1089ms (cache miss)
2211 http fetch GET 200 https://cdn.npmmirror.com/packages/convert-source-map/2.0.0/convert-source-map-2.0.0.tgz 1113ms (cache miss)
2212 http fetch GET 200 https://cdn.npmmirror.com/packages/jsesc/3.1.0/jsesc-3.1.0.tgz 1120ms (cache miss)
2213 http fetch GET 200 https://cdn.npmmirror.com/packages/v8-to-istanbul/9.3.0/v8-to-istanbul-9.3.0.tgz 1127ms (cache miss)
2214 http fetch GET 200 https://cdn.npmmirror.com/packages/string-length/4.0.2/string-length-4.0.2.tgz 1131ms (cache miss)
2215 http fetch GET 200 https://cdn.npmmirror.com/packages/pirates/4.0.7/pirates-4.0.7.tgz 1133ms (cache miss)
2216 http fetch GET 200 https://cdn.npmmirror.com/packages/babel-plugin-istanbul/6.1.1/babel-plugin-istanbul-6.1.1.tgz 1154ms (cache miss)
2217 http fetch GET 200 https://cdn.npmmirror.com/packages/%40jridgewell/sourcemap-codec/1.5.5/sourcemap-codec-1.5.5.tgz 1174ms (cache miss)
2218 http fetch GET 200 https://cdn.npmmirror.com/packages/istanbul-lib-coverage/3.2.2/istanbul-lib-coverage-3.2.2.tgz 1175ms (cache miss)
2219 http fetch GET 200 https://cdn.npmmirror.com/packages/istanbul-lib-source-maps/4.0.1/istanbul-lib-source-maps-4.0.1.tgz 1178ms (cache miss)
2220 http fetch GET 200 https://cdn.npmmirror.com/packages/%40babel/template/7.27.2/template-7.27.2.tgz 1192ms (cache miss)
2221 http fetch GET 200 https://cdn.npmmirror.com/packages/collect-v8-coverage/1.0.3/collect-v8-coverage-1.0.3.tgz 1187ms (cache miss)
2222 http fetch GET 200 https://cdn.npmmirror.com/packages/slash/3.0.0/slash-3.0.0.tgz 1195ms (cache miss)
2223 http fetch GET 200 https://cdn.npmmirror.com/packages/strip-ansi/6.0.1/strip-ansi-6.0.1.tgz 1202ms (cache miss)
2224 http fetch GET 200 https://cdn.npmmirror.com/packages/jest-validate/29.7.0/jest-validate-29.7.0.tgz 1245ms (cache miss)
2225 http fetch GET 200 https://cdn.npmmirror.com/packages/jest-resolve-dependencies/29.7.0/jest-resolve-dependencies-29.7.0.tgz 1249ms (cache miss)
2226 http fetch GET 200 https://cdn.npmmirror.com/packages/json5/2.2.3/json5-2.2.3.tgz 1259ms (cache miss)
2227 http fetch GET 200 https://cdn.npmmirror.com/packages/jest-changed-files/29.7.0/jest-changed-files-29.7.0.tgz 1251ms (cache miss)
2228 http fetch GET 200 https://cdn.npmmirror.com/packages/jest-watcher/29.7.0/jest-watcher-29.7.0.tgz 1269ms (cache miss)
2229 http fetch GET 200 https://cdn.npmmirror.com/packages/micromatch/4.0.8/micromatch-4.0.8.tgz 1270ms (cache miss)
2230 http fetch GET 200 https://cdn.npmmirror.com/packages/%40jridgewell/gen-mapping/0.3.13/gen-mapping-0.3.13.tgz 1281ms (cache miss)
2231 http fetch GET 200 https://cdn.npmmirror.com/packages/jest-runner/29.7.0/jest-runner-29.7.0.tgz 1271ms (cache miss)
2232 http fetch GET 200 https://cdn.npmmirror.com/packages/istanbul-lib-instrument/6.0.3/istanbul-lib-instrument-6.0.3.tgz 1282ms (cache miss)
2233 http fetch GET 200 https://cdn.npmmirror.com/packages/jest-regex-util/29.6.3/jest-regex-util-29.6.3.tgz 1279ms (cache miss)
2234 http fetch GET 200 https://cdn.npmmirror.com/packages/graceful-fs/4.2.11/graceful-fs-4.2.11.tgz 1280ms (cache miss)
2235 http fetch GET 200 https://cdn.npmmirror.com/packages/glob/7.2.3/glob-7.2.3.tgz 1287ms (cache miss)
2236 http fetch GET 200 https://cdn.npmmirror.com/packages/istanbul-lib-report/3.0.1/istanbul-lib-report-3.0.1.tgz 1303ms (cache miss)
2237 http fetch GET 200 https://cdn.npmmirror.com/packages/ansi-escapes/4.3.2/ansi-escapes-4.3.2.tgz 1296ms (cache miss)
2238 http fetch GET 200 https://cdn.npmmirror.com/packages/%40jest/transform/29.7.0/transform-29.7.0.tgz 1300ms (cache miss)
2239 http fetch GET 200 https://cdn.npmmirror.com/packages/%40jridgewell/remapping/2.3.5/remapping-2.3.5.tgz 1315ms (cache miss)
2240 http fetch GET 200 https://cdn.npmmirror.com/packages/%40jest/test-result/29.7.0/test-result-29.7.0.tgz 1317ms (cache miss)
2241 http fetch GET 200 https://cdn.npmmirror.com/packages/jest-matcher-utils/29.7.0/jest-matcher-utils-29.7.0.tgz 1318ms (cache miss)
2242 http fetch GET 200 https://cdn.npmmirror.com/packages/jest-runtime/29.7.0/jest-runtime-29.7.0.tgz 1333ms (cache miss)
2243 http fetch GET 200 https://cdn.npmmirror.com/packages/%40babel/helper-module-transforms/7.28.3/helper-module-transforms-7.28.3.tgz 1339ms (cache miss)
2244 http fetch GET 200 https://cdn.npmmirror.com/packages/jest-get-type/29.6.3/jest-get-type-29.6.3.tgz 1325ms (cache miss)
2245 http fetch GET 200 https://cdn.npmmirror.com/packages/%40jest/console/29.7.0/console-29.7.0.tgz 1333ms (cache miss)
2246 warn deprecated glob@7.2.3: Glob versions prior to v9 are no longer supported
2247 http fetch GET 200 https://cdn.npmmirror.com/packages/%40types/yargs-parser/21.0.3/yargs-parser-21.0.3.tgz 1340ms (cache miss)
2248 http fetch GET 200 https://cdn.npmmirror.com/packages/color-convert/2.0.1/color-convert-2.0.1.tgz 1343ms (cache miss)
2249 http fetch GET 200 https://cdn.npmmirror.com/packages/fast-json-stable-stringify/2.1.0/fast-json-stable-stringify-2.1.0.tgz 1371ms (cache miss)
2250 http fetch GET 200 https://cdn.npmmirror.com/packages/type-detect/4.0.8/type-detect-4.0.8.tgz 1368ms (cache miss)
2251 http fetch GET 200 https://cdn.npmmirror.com/packages/%40types/istanbul-lib-report/3.0.3/istanbul-lib-report-3.0.3.tgz 1379ms (cache miss)
2252 http fetch GET 200 https://cdn.npmmirror.com/packages/js-yaml/3.14.2/js-yaml-3.14.2.tgz 1425ms (cache miss)
2253 http fetch GET 200 https://cdn.npmmirror.com/packages/ansi-styles/4.3.0/ansi-styles-4.3.0.tgz 1410ms (cache miss)
2254 http fetch GET 200 https://cdn.npmmirror.com/packages/type-fest/0.21.3/type-fest-0.21.3.tgz 1432ms (cache miss)
2255 http fetch GET 200 https://cdn.npmmirror.com/packages/jest-cli/29.7.0/jest-cli-29.7.0.tgz 1417ms (cache miss)
2256 http fetch GET 200 https://cdn.npmmirror.com/packages/import-local/3.2.0/import-local-3.2.0.tgz 1417ms (cache miss)
2257 http fetch GET 200 https://cdn.npmmirror.com/packages/%40jest/schemas/29.6.3/schemas-29.6.3.tgz 1418ms (cache miss)
2258 http fetch GET 200 https://cdn.npmmirror.com/packages/ci-info/3.9.0/ci-info-3.9.0.tgz 1422ms (cache miss)
2259 http fetch GET 200 https://cdn.npmmirror.com/packages/%40types/istanbul-lib-coverage/2.0.6/istanbul-lib-coverage-2.0.6.tgz 1427ms (cache miss)
2260 http fetch GET 200 https://cdn.npmmirror.com/packages/pretty-format/29.7.0/pretty-format-29.7.0.tgz 1443ms (cache miss)
2261 http fetch GET 200 https://cdn.npmmirror.com/packages/%40types/yargs/17.0.35/yargs-17.0.35.tgz 1434ms (cache miss)
2262 http fetch GET 200 https://cdn.npmmirror.com/packages/%40jest/expect-utils/29.7.0/expect-utils-29.7.0.tgz 1440ms (cache miss)
2263 http fetch GET 200 https://cdn.npmmirror.com/packages/jest-worker/29.7.0/jest-worker-29.7.0.tgz 1460ms (cache miss)
2264 http fetch GET 200 https://cdn.npmmirror.com/packages/jest-resolve/29.7.0/jest-resolve-29.7.0.tgz 1456ms (cache miss)
2265 http fetch GET 200 https://cdn.npmmirror.com/packages/%40jest/fake-timers/29.7.0/fake-timers-29.7.0.tgz 1450ms (cache miss)
2266 http fetch GET 200 https://cdn.npmmirror.com/packages/jest-message-util/29.7.0/jest-message-util-29.7.0.tgz 1451ms (cache miss)
2267 http fetch GET 200 https://cdn.npmmirror.com/packages/%40types/istanbul-reports/3.0.4/istanbul-reports-3.0.4.tgz 1451ms (cache miss)
2268 http fetch GET 200 https://cdn.npmmirror.com/packages/color-name/1.1.4/color-name-1.1.4.tgz 1459ms (cache miss)
2269 http fetch GET 200 https://cdn.npmmirror.com/packages/jest-mock/29.7.0/jest-mock-29.7.0.tgz 1456ms (cache miss)
2270 http fetch GET 200 https://cdn.npmmirror.com/packages/chalk/4.1.2/chalk-4.1.2.tgz 1462ms (cache miss)
2271 http fetch GET 200 https://cdn.npmmirror.com/packages/%40jest/environment/29.7.0/environment-29.7.0.tgz 1463ms (cache miss)
2272 http fetch GET 200 https://cdn.npmmirror.com/packages/supports-color/7.2.0/supports-color-7.2.0.tgz 1468ms (cache miss)
2273 http fetch GET 200 https://cdn.npmmirror.com/packages/%40sinonjs/fake-timers/10.3.0/fake-timers-10.3.0.tgz 1468ms (cache miss)
2274 http fetch GET 200 https://cdn.npmmirror.com/packages/%40jest/globals/29.7.0/globals-29.7.0.tgz 1468ms (cache miss)
2275 http fetch GET 200 https://cdn.npmmirror.com/packages/%40jest/expect/29.7.0/expect-29.7.0.tgz 1468ms (cache miss)
2276 http fetch GET 200 https://cdn.npmmirror.com/packages/p-limit/2.3.0/p-limit-2.3.0.tgz 1472ms (cache miss)
2277 http fetch GET 200 https://cdn.npmmirror.com/packages/jest/29.7.0/jest-29.7.0.tgz 1476ms (cache miss)
2278 http fetch GET 200 https://cdn.npmmirror.com/packages/%40jest/types/29.6.3/types-29.6.3.tgz 1484ms (cache miss)
2279 http fetch GET 200 https://cdn.npmmirror.com/packages/ansi-styles/5.2.0/ansi-styles-5.2.0.tgz 1483ms (cache miss)
2280 http fetch GET 200 https://cdn.npmmirror.com/packages/supports-color/8.1.1/supports-color-8.1.1.tgz 1485ms (cache miss)
2281 http fetch GET 200 https://cdn.npmmirror.com/packages/camelcase/6.3.0/camelcase-6.3.0.tgz 1487ms (cache miss)
2282 http fetch GET 200 https://cdn.npmmirror.com/packages/jest-config/29.7.0/jest-config-29.7.0.tgz 1518ms (cache miss)
2283 http fetch GET 200 https://cdn.npmmirror.com/packages/jest-haste-map/29.7.0/jest-haste-map-29.7.0.tgz 1526ms (cache miss)
2284 http fetch GET 200 https://cdn.npmmirror.com/packages/%40babel/parser/7.28.5/parser-7.28.5.tgz 1539ms (cache miss)
2285 http fetch GET 200 https://cdn.npmmirror.com/packages/istanbul-lib-instrument/5.2.1/istanbul-lib-instrument-5.2.1.tgz 1521ms (cache miss)
2286 http fetch GET 200 https://cdn.npmmirror.com/packages/exit/0.1.2/exit-0.1.2.tgz 1540ms (cache miss)
2287 http fetch GET 200 https://cdn.npmmirror.com/packages/expect/29.7.0/expect-29.7.0.tgz 1533ms (cache miss)
2288 http cache https://cdn.npmmirror.com/packages/semver/7.7.3/semver-7.7.3.tgz 1517ms (cache hit)
2289 http fetch GET 200 https://cdn.npmmirror.com/packages/jest-snapshot/29.7.0/jest-snapshot-29.7.0.tgz 1543ms (cache miss)
2290 http fetch GET 200 https://cdn.npmmirror.com/packages/%40jest/reporters/29.7.0/reporters-29.7.0.tgz 1569ms (cache miss)
2291 http fetch GET 200 https://cdn.npmmirror.com/packages/jest-util/29.7.0/jest-util-29.7.0.tgz 1583ms (cache miss)
2292 http fetch GET 200 https://cdn.npmmirror.com/packages/%40babel/generator/7.28.5/generator-7.28.5.tgz 1623ms (cache miss)
2293 http fetch GET 200 https://cdn.npmmirror.com/packages/%40jridgewell/trace-mapping/0.3.31/trace-mapping-0.3.31.tgz 1627ms (cache miss)
2294 http fetch GET 200 https://cdn.npmmirror.com/packages/istanbul-reports/3.2.0/istanbul-reports-3.2.0.tgz 1640ms (cache miss)
2295 http fetch GET 200 https://cdn.npmmirror.com/packages/undici-types/7.16.0/undici-types-7.16.0.tgz 1630ms (cache miss)
2296 http fetch GET 200 https://cdn.npmmirror.com/packages/%40jest/core/29.7.0/core-29.7.0.tgz 1636ms (cache miss)
2297 http fetch GET 200 https://cdn.npmmirror.com/packages/%40babel/traverse/7.28.5/traverse-7.28.5.tgz 1665ms (cache miss)
2298 http fetch GET 200 https://cdn.npmmirror.com/packages/%40sinclair/typebox/0.27.8/typebox-0.27.8.tgz 1651ms (cache miss)
2299 http fetch GET 200 https://cdn.npmmirror.com/packages/%40bcoe/v8-coverage/0.2.3/v8-coverage-0.2.3.tgz 1665ms (cache miss)
2300 http fetch GET 200 https://cdn.npmmirror.com/packages/%40sinonjs/commons/3.0.1/commons-3.0.1.tgz 1658ms (cache miss)
2301 http fetch GET 200 https://cdn.npmmirror.com/packages/semver/7.7.3/semver-7.7.3.tgz 1666ms (cache miss)
2302 http fetch GET 200 https://cdn.npmmirror.com/packages/semver/7.7.3/semver-7.7.3.tgz 1672ms (cache miss)
2303 http fetch GET 200 https://cdn.npmmirror.com/packages/pure-rand/6.1.0/pure-rand-6.1.0.tgz 1703ms (cache miss)
2304 http fetch GET 200 https://cdn.npmmirror.com/packages/%40babel/core/7.28.5/core-7.28.5.tgz 1786ms (cache miss)
2305 http fetch GET 200 https://cdn.npmmirror.com/packages/%40types/node/25.0.3/node-25.0.3.tgz 1783ms (cache miss)
2306 http fetch GET 200 https://cdn.npmmirror.com/packages/%40babel/types/7.28.5/types-7.28.5.tgz 1885ms (cache miss)
2307 http fetch GET 200 https://cdn.npmmirror.com/packages/%40babel/helpers/7.28.4/helpers-7.28.4.tgz 1897ms (cache miss)
2308 http fetch GET 200 https://cdn.npmmirror.com/packages/caniuse-lite/1.0.30001761/caniuse-lite-1.0.30001761.tgz 2448ms (cache miss)
2309 http fetch GET 200 https://cdn.npmmirror.com/packages/fast-check/3.23.2/fast-check-3.23.2.tgz 2588ms (cache miss)
2310 silly ADD node_modules/p-try
2311 silly ADD node_modules/is-fullwidth-code-point
2312 silly ADD node_modules/emoji-regex
2313 silly ADD node_modules/wrap-ansi
2314 silly ADD node_modules/yargs-parser
2315 silly ADD node_modules/y18n
2316 silly ADD node_modules/string-width
2317 silly ADD node_modules/require-directory
2318 silly ADD node_modules/get-caller-file
2319 silly ADD node_modules/cliui
2320 silly ADD node_modules/imurmurhash
2321 silly ADD node_modules/isexe
2322 silly ADD node_modules/tmpl
2323 silly ADD node_modules/makeerror
2324 silly ADD node_modules/escalade
2325 silly ADD node_modules/is-number
2326 silly ADD node_modules/has-flag
2327 silly ADD node_modules/ansi-regex
2328 silly ADD node_modules/char-regex
2329 silly ADD node_modules/escape-string-regexp
2330 silly ADD node_modules/buffer-from
2331 silly ADD node_modules/shebang-regex
2332 silly ADD node_modules/function-bind
2333 silly ADD node_modules/hasown
2334 silly ADD node_modules/supports-preserve-symlinks-flag
2335 silly ADD node_modules/path-parse
2336 silly ADD node_modules/is-core-module
2337 silly ADD node_modules/sisteransi
2338 silly ADD node_modules/kleur
2339 silly ADD node_modules/react-is
2340 silly ADD node_modules/is-arrayish
2341 silly ADD node_modules/lines-and-columns
2342 silly ADD node_modules/json-parse-even-better-errors
2343 silly ADD node_modules/error-ex
2344 silly ADD node_modules/yocto-queue
2345 silly ADD node_modules/mimic-fn
2346 silly ADD node_modules/concat-map
2347 silly ADD node_modules/balanced-match
2348 silly ADD node_modules/brace-expansion
2349 silly ADD node_modules/to-regex-range
2350 silly ADD node_modules/fill-range
2351 silly ADD node_modules/braces
2352 silly ADD node_modules/yallist
2353 silly ADD node_modules/p-locate
2354 silly ADD node_modules/p-locate/node_modules/p-limit
2355 silly ADD node_modules/sprintf-js
2356 silly ADD node_modules/esprima
2357 silly ADD node_modules/argparse
2358 silly ADD node_modules/leven
2359 silly ADD node_modules/natural-compare
2360 silly ADD node_modules/@babel/plugin-syntax-typescript
2361 silly ADD node_modules/@babel/plugin-syntax-jsx
2362 silly ADD node_modules/callsites
2363 silly ADD node_modules/strip-bom
2364 silly ADD node_modules/cjs-module-lexer
2365 silly ADD node_modules/@jest/source-map
2366 silly ADD node_modules/detect-newline
2367 silly ADD node_modules/source-map-support
2368 silly ADD node_modules/jest-leak-detector
2369 silly ADD node_modules/jest-docblock
2370 silly ADD node_modules/emittery
2371 silly ADD node_modules/resolve.exports
2372 silly ADD node_modules/resolve
2373 silly ADD node_modules/jest-pnp-resolver
2374 silly ADD node_modules/@types/stack-utils
2375 silly ADD node_modules/diff-sequences
2376 silly ADD node_modules/jest-diff
2377 silly ADD node_modules/node-int64
2378 silly ADD node_modules/bser
2379 silly ADD node_modules/picomatch
2380 silly ADD node_modules/normalize-path
2381 silly ADD node_modules/walker
2382 silly ADD node_modules/fsevents
2383 silly ADD node_modules/fb-watchman
2384 silly ADD node_modules/anymatch
2385 silly ADD node_modules/@types/graceful-fs
2386 silly ADD node_modules/stack-utils
2387 silly ADD node_modules/jest-each
2388 silly ADD node_modules/is-generator-fn
2389 silly ADD node_modules/dedent
2390 silly ADD node_modules/co
2391 silly ADD node_modules/@babel/plugin-syntax-top-level-await
2392 silly ADD node_modules/@babel/plugin-syntax-private-property-in-object
2393 silly ADD node_modules/@babel/plugin-syntax-optional-chaining
2394 silly ADD node_modules/@babel/plugin-syntax-optional-catch-binding
2395 silly ADD node_modules/@babel/plugin-syntax-object-rest-spread
2396 silly ADD node_modules/@babel/plugin-syntax-numeric-separator
2397 silly ADD node_modules/@babel/plugin-syntax-nullish-coalescing-operator
2398 silly ADD node_modules/@babel/plugin-syntax-logical-assignment-operators
2399 silly ADD node_modules/@babel/plugin-syntax-json-strings
2400 silly ADD node_modules/@babel/plugin-syntax-import-meta
2401 silly ADD node_modules/@babel/plugin-syntax-import-attributes
2402 silly ADD node_modules/@babel/plugin-syntax-class-static-block
2403 silly ADD node_modules/@babel/plugin-syntax-class-properties
2404 silly ADD node_modules/@babel/plugin-syntax-bigint
2405 silly ADD node_modules/@babel/plugin-syntax-async-generators
2406 silly ADD node_modules/babel-preset-current-node-syntax
2407 silly ADD node_modules/babel-plugin-jest-hoist
2408 silly ADD node_modules/@types/babel__traverse
2409 silly ADD node_modules/@types/babel__template
2410 silly ADD node_modules/@types/babel__generator
2411 silly ADD node_modules/babel-preset-jest
2412 silly ADD node_modules/@types/babel__core
2413 silly ADD node_modules/strip-json-comments
2414 silly ADD node_modules/parse-json
2415 silly ADD node_modules/jest-environment-node
2416 silly ADD node_modules/jest-circus
2417 silly ADD node_modules/deepmerge
2418 silly ADD node_modules/babel-jest
2419 silly ADD node_modules/@jest/test-sequencer
2420 silly ADD node_modules/prompts
2421 silly ADD node_modules/yargs
2422 silly ADD node_modules/create-jest
2423 silly ADD node_modules/which
2424 silly ADD node_modules/shebang-command
2425 silly ADD node_modules/path-key
2426 silly ADD node_modules/strip-final-newline
2427 silly ADD node_modules/signal-exit
2428 silly ADD node_modules/onetime
2429 silly ADD node_modules/npm-run-path
2430 silly ADD node_modules/merge-stream
2431 silly ADD node_modules/is-stream
2432 silly ADD node_modules/human-signals
2433 silly ADD node_modules/get-stream
2434 silly ADD node_modules/cross-spawn
2435 silly ADD node_modules/p-limit
2436 silly ADD node_modules/execa
2437 silly ADD node_modules/html-escaper
2438 silly ADD node_modules/source-map
2439 silly ADD node_modules/make-dir
2440 silly ADD node_modules/make-dir/node_modules/semver
2441 silly ADD node_modules/wrappy
2442 silly ADD node_modules/resolve-cwd
2443 silly ADD node_modules/pkg-dir
2444 silly ADD node_modules/path-is-absolute
2445 silly ADD node_modules/once
2446 silly ADD node_modules/minimatch
2447 silly ADD node_modules/inherits
2448 silly ADD node_modules/inflight
2449 silly ADD node_modules/fs.realpath
2450 silly ADD node_modules/path-exists
2451 silly ADD node_modules/locate-path
2452 silly ADD node_modules/ms
2453 silly ADD node_modules/update-browserslist-db
2454 silly ADD node_modules/node-releases
2455 silly ADD node_modules/electron-to-chromium
2456 silly ADD node_modules/caniuse-lite
2457 silly ADD node_modules/baseline-browser-mapping
2458 silly ADD node_modules/resolve-from
2459 silly ADD node_modules/js-yaml
2460 silly ADD node_modules/get-package-type
2461 silly ADD node_modules/find-up
2462 silly ADD node_modules/camelcase
2463 silly ADD node_modules/test-exclude
2464 silly ADD node_modules/@istanbuljs/schema
2465 silly ADD node_modules/@istanbuljs/load-nyc-config
2466 silly ADD node_modules/@babel/helper-plugin-utils
2467 silly ADD node_modules/type-fest
2468 silly ADD node_modules/@jridgewell/resolve-uri
2469 silly ADD node_modules/@jridgewell/sourcemap-codec
2470 silly ADD node_modules/@babel/helper-string-parser
2471 silly ADD node_modules/@babel/helper-globals
2472 silly ADD node_modules/@babel/helper-module-imports
2473 silly ADD node_modules/lru-cache
2474 silly ADD node_modules/browserslist
2475 silly ADD node_modules/@babel/helper-validator-option
2476 silly ADD node_modules/@babel/compat-data
2477 silly ADD node_modules/jsesc
2478 silly ADD node_modules/@jridgewell/gen-mapping
2479 silly ADD node_modules/picocolors
2480 silly ADD node_modules/js-tokens
2481 silly ADD node_modules/@babel/helper-validator-identifier
2482 silly ADD node_modules/semver
2483 silly ADD node_modules/json5
2484 silly ADD node_modules/gensync
2485 silly ADD node_modules/debug
2486 silly ADD node_modules/@jridgewell/remapping
2487 silly ADD node_modules/@babel/types
2488 silly ADD node_modules/@babel/traverse
2489 silly ADD node_modules/@babel/template
2490 silly ADD node_modules/@babel/parser
2491 silly ADD node_modules/@babel/helpers
2492 silly ADD node_modules/@babel/helper-module-transforms
2493 silly ADD node_modules/@babel/helper-compilation-targets
2494 silly ADD node_modules/@babel/generator
2495 silly ADD node_modules/@babel/code-frame
2496 silly ADD node_modules/write-file-atomic
2497 silly ADD node_modules/pirates
2498 silly ADD node_modules/fast-json-stable-stringify
2499 silly ADD node_modules/convert-source-map
2500 silly ADD node_modules/babel-plugin-istanbul
2501 silly ADD node_modules/babel-plugin-istanbul/node_modules/istanbul-lib-instrument
2502 silly ADD node_modules/@babel/core
2503 silly ADD node_modules/v8-to-istanbul
2504 silly ADD node_modules/string-length
2505 silly ADD node_modules/jest-worker
2506 silly ADD node_modules/jest-worker/node_modules/supports-color
2507 silly ADD node_modules/istanbul-reports
2508 silly ADD node_modules/istanbul-lib-source-maps
2509 silly ADD node_modules/istanbul-lib-report
2510 silly ADD node_modules/istanbul-lib-instrument
2511 silly ADD node_modules/istanbul-lib-instrument/node_modules/semver
2512 silly ADD node_modules/istanbul-lib-coverage
2513 silly ADD node_modules/glob
2514 silly ADD node_modules/collect-v8-coverage
2515 silly ADD node_modules/@jridgewell/trace-mapping
2516 silly ADD node_modules/@bcoe/v8-coverage
2517 silly ADD node_modules/strip-ansi
2518 silly ADD node_modules/slash
2519 silly ADD node_modules/pretty-format
2520 silly ADD node_modules/pretty-format/node_modules/ansi-styles
2521 silly ADD node_modules/micromatch
2522 silly ADD node_modules/jest-watcher
2523 silly ADD node_modules/jest-validate
2524 silly ADD node_modules/jest-validate/node_modules/camelcase
2525 silly ADD node_modules/jest-runtime
2526 silly ADD node_modules/jest-runner
2527 silly ADD node_modules/jest-resolve-dependencies
2528 silly ADD node_modules/jest-resolve
2529 silly ADD node_modules/jest-regex-util
2530 silly ADD node_modules/jest-haste-map
2531 silly ADD node_modules/jest-config
2532 silly ADD node_modules/jest-changed-files
2533 silly ADD node_modules/graceful-fs
2534 silly ADD node_modules/exit
2535 silly ADD node_modules/ci-info
2536 silly ADD node_modules/ansi-escapes
2537 silly ADD node_modules/@jest/transform
2538 silly ADD node_modules/@jest/test-result
2539 silly ADD node_modules/@jest/reporters
2540 silly ADD node_modules/@jest/console
2541 silly ADD node_modules/jest-cli
2542 silly ADD node_modules/import-local
2543 silly ADD node_modules/@jest/core
2544 silly ADD node_modules/pure-rand
2545 silly ADD node_modules/jest-matcher-utils
2546 silly ADD node_modules/jest-get-type
2547 silly ADD node_modules/@jest/expect-utils
2548 silly ADD node_modules/color-name
2549 silly ADD node_modules/color-convert
2550 silly ADD node_modules/supports-color
2551 silly ADD node_modules/ansi-styles
2552 silly ADD node_modules/@types/yargs-parser
2553 silly ADD node_modules/undici-types
2554 silly ADD node_modules/@types/istanbul-lib-report
2555 silly ADD node_modules/type-detect
2556 silly ADD node_modules/@sinonjs/commons
2557 silly ADD node_modules/@sinclair/typebox
2558 silly ADD node_modules/chalk
2559 silly ADD node_modules/@types/yargs
2560 silly ADD node_modules/@types/istanbul-reports
2561 silly ADD node_modules/@types/istanbul-lib-coverage
2562 silly ADD node_modules/@jest/schemas
2563 silly ADD node_modules/jest-util
2564 silly ADD node_modules/jest-message-util
2565 silly ADD node_modules/@sinonjs/fake-timers
2566 silly ADD node_modules/jest-snapshot
2567 silly ADD node_modules/jest-snapshot/node_modules/semver
2568 silly ADD node_modules/expect
2569 silly ADD node_modules/@types/node
2570 silly ADD node_modules/@jest/fake-timers
2571 silly ADD node_modules/jest-mock
2572 silly ADD node_modules/@jest/types
2573 silly ADD node_modules/@jest/expect
2574 silly ADD node_modules/@jest/environment
2575 silly ADD node_modules/jest
2576 silly ADD node_modules/fast-check
2577 silly ADD node_modules/@jest/globals
2578 verbose cwd E:\WorkRelated\Model inference performance stress test\temp
2579 verbose os Windows_NT 10.0.26100
2580 verbose node v22.14.0
2581 verbose npm  v11.4.1
2582 notice
2582 notice New [33mminor[39m version of npm available! [33m11.4.1[39m -> [34m11.7.0[39m
2582 notice Changelog: [34mhttps://github.com/npm/cli/releases/tag/v11.7.0[39m
2582 notice To update run: [4mnpm install -g npm@11.7.0[24m
2582 notice  { force: true, [Symbol(proc-log.meta)]: true }
2583 verbose exit 0
2584 info ok
